,r,p,i,t,I_A
0,1,1,1,1,0.0
1,1,1,1,2,0.0
2,1,1,1,3,0.0
3,1,1,1,4,0.0
4,1,1,1,5,0.0
5,1,1,1,6,0.0
6,1,1,1,7,0.0
7,1,1,1,8,-0.0
8,1,1,1,9,-0.0
9,1,1,1,10,-0.0
10,1,1,1,11,-0.0
11,1,1,1,12,-0.0
12,1,1,1,13,-0.0
13,1,1,1,14,-0.0
14,1,1,1,15,-0.0
15,1,1,1,16,-0.0
16,1,1,1,17,-0.0
17,1,1,1,18,-0.0
18,1,1,1,19,-0.0
19,1,1,1,20,-0.0
20,1,1,1,21,-0.0
21,1,1,1,22,-0.0
22,1,1,1,23,-0.0
23,1,1,1,24,-0.0
24,1,1,1,25,-0.0
25,1,1,1,26,-0.0
26,1,1,1,27,-0.0
27,1,1,1,28,-0.0
28,1,1,1,29,0.0
29,1,1,1,30,0.0
30,1,1,2,1,0.0
31,1,1,2,2,0.0
32,1,1,2,3,0.0
33,1,1,2,4,0.0
34,1,1,2,5,0.0
35,1,1,2,6,0.0
36,1,1,2,7,0.0
37,1,1,2,8,-0.0
38,1,1,2,9,-0.0
39,1,1,2,10,-0.0
40,1,1,2,11,-0.0
41,1,1,2,12,-0.0
42,1,1,2,13,-0.0
43,1,1,2,14,-0.0
44,1,1,2,15,-0.0
45,1,1,2,16,-0.0
46,1,1,2,17,-0.0
47,1,1,2,18,-0.0
48,1,1,2,19,-0.0
49,1,1,2,20,-0.0
50,1,1,2,21,-0.0
51,1,1,2,22,-0.0
52,1,1,2,23,-0.0
53,1,1,2,24,-0.0
54,1,1,2,25,-0.0
55,1,1,2,26,-0.0
56,1,1,2,27,-0.0
57,1,1,2,28,-0.0
58,1,1,2,29,0.0
59,1,1,2,30,0.0
60,1,1,3,1,0.0
61,1,1,3,2,0.0
62,1,1,3,3,0.0
63,1,1,3,4,0.0
64,1,1,3,5,0.0
65,1,1,3,6,0.0
66,1,1,3,7,0.0
67,1,1,3,8,-0.0
68,1,1,3,9,-0.0
69,1,1,3,10,-0.0
70,1,1,3,11,-0.0
71,1,1,3,12,-0.0
72,1,1,3,13,-0.0
73,1,1,3,14,-0.0
74,1,1,3,15,-0.0
75,1,1,3,16,-0.0
76,1,1,3,17,-0.0
77,1,1,3,18,-0.0
78,1,1,3,19,-0.0
79,1,1,3,20,-0.0
80,1,1,3,21,-0.0
81,1,1,3,22,-0.0
82,1,1,3,23,-0.0
83,1,1,3,24,-0.0
84,1,1,3,25,-0.0
85,1,1,3,26,-0.0
86,1,1,3,27,-0.0
87,1,1,3,28,-0.0
88,1,1,3,29,0.0
89,1,1,3,30,0.0
90,1,1,4,1,0.0
91,1,1,4,2,0.0
92,1,1,4,3,0.0
93,1,1,4,4,0.0
94,1,1,4,5,0.0
95,1,1,4,6,0.0
96,1,1,4,7,0.0
97,1,1,4,8,-0.0
98,1,1,4,9,-0.0
99,1,1,4,10,-0.0
100,1,1,4,11,-0.0
101,1,1,4,12,-0.0
102,1,1,4,13,-0.0
103,1,1,4,14,-0.0
104,1,1,4,15,-0.0
105,1,1,4,16,-0.0
106,1,1,4,17,-0.0
107,1,1,4,18,-0.0
108,1,1,4,19,-0.0
109,1,1,4,20,-0.0
110,1,1,4,21,-0.0
111,1,1,4,22,-0.0
112,1,1,4,23,-0.0
113,1,1,4,24,-0.0
114,1,1,4,25,-0.0
115,1,1,4,26,-0.0
116,1,1,4,27,-0.0
117,1,1,4,28,-0.0
118,1,1,4,29,0.0
119,1,1,4,30,0.0
120,1,1,5,1,0.0
121,1,1,5,2,0.0
122,1,1,5,3,0.0
123,1,1,5,4,0.0
124,1,1,5,5,0.0
125,1,1,5,6,0.0
126,1,1,5,7,0.0
127,1,1,5,8,-0.0
128,1,1,5,9,-0.0
129,1,1,5,10,-0.0
130,1,1,5,11,-0.0
131,1,1,5,12,-0.0
132,1,1,5,13,-0.0
133,1,1,5,14,-0.0
134,1,1,5,15,-0.0
135,1,1,5,16,-0.0
136,1,1,5,17,-0.0
137,1,1,5,18,-0.0
138,1,1,5,19,-0.0
139,1,1,5,20,-0.0
140,1,1,5,21,-0.0
141,1,1,5,22,-0.0
142,1,1,5,23,-0.0
143,1,1,5,24,-0.0
144,1,1,5,25,-0.0
145,1,1,5,26,-0.0
146,1,1,5,27,-0.0
147,1,1,5,28,-0.0
148,1,1,5,29,0.0
149,1,1,5,30,0.0
150,1,1,6,1,0.0
151,1,1,6,2,0.0
152,1,1,6,3,0.0
153,1,1,6,4,0.0
154,1,1,6,5,0.0
155,1,1,6,6,0.0
156,1,1,6,7,0.0
157,1,1,6,8,-0.0
158,1,1,6,9,-0.0
159,1,1,6,10,-0.0
160,1,1,6,11,-0.0
161,1,1,6,12,-0.0
162,1,1,6,13,-0.0
163,1,1,6,14,-0.0
164,1,1,6,15,-0.0
165,1,1,6,16,-0.0
166,1,1,6,17,-0.0
167,1,1,6,18,-0.0
168,1,1,6,19,-0.0
169,1,1,6,20,-0.0
170,1,1,6,21,-0.0
171,1,1,6,22,-0.0
172,1,1,6,23,-0.0
173,1,1,6,24,-0.0
174,1,1,6,25,-0.0
175,1,1,6,26,-0.0
176,1,1,6,27,-0.0
177,1,1,6,28,-0.0
178,1,1,6,29,0.0
179,1,1,6,30,0.0
180,1,1,7,1,0.0
181,1,1,7,2,0.0
182,1,1,7,3,0.0
183,1,1,7,4,0.0
184,1,1,7,5,0.0
185,1,1,7,6,0.0
186,1,1,7,7,0.0
187,1,1,7,8,-0.0
188,1,1,7,9,-0.0
189,1,1,7,10,-0.0
190,1,1,7,11,-0.0
191,1,1,7,12,-0.0
192,1,1,7,13,-0.0
193,1,1,7,14,-0.0
194,1,1,7,15,-0.0
195,1,1,7,16,-0.0
196,1,1,7,17,-0.0
197,1,1,7,18,-0.0
198,1,1,7,19,-0.0
199,1,1,7,20,-0.0
200,1,1,7,21,-0.0
201,1,1,7,22,-0.0
202,1,1,7,23,-0.0
203,1,1,7,24,-0.0
204,1,1,7,25,-0.0
205,1,1,7,26,-0.0
206,1,1,7,27,-0.0
207,1,1,7,28,-0.0
208,1,1,7,29,0.0
209,1,1,7,30,0.0
210,1,1,8,1,0.0
211,1,1,8,2,0.0
212,1,1,8,3,0.0
213,1,1,8,4,0.0
214,1,1,8,5,0.0
215,1,1,8,6,0.0
216,1,1,8,7,0.0
217,1,1,8,8,-0.0
218,1,1,8,9,-0.0
219,1,1,8,10,-0.0
220,1,1,8,11,-0.0
221,1,1,8,12,-0.0
222,1,1,8,13,-0.0
223,1,1,8,14,-0.0
224,1,1,8,15,-0.0
225,1,1,8,16,-0.0
226,1,1,8,17,-0.0
227,1,1,8,18,-0.0
228,1,1,8,19,-0.0
229,1,1,8,20,-0.0
230,1,1,8,21,-0.0
231,1,1,8,22,-0.0
232,1,1,8,23,-0.0
233,1,1,8,24,-0.0
234,1,1,8,25,-0.0
235,1,1,8,26,-0.0
236,1,1,8,27,-0.0
237,1,1,8,28,-0.0
238,1,1,8,29,0.0
239,1,1,8,30,0.0
240,1,1,9,1,0.0
241,1,1,9,2,0.0
242,1,1,9,3,0.0
243,1,1,9,4,0.0
244,1,1,9,5,0.0
245,1,1,9,6,0.0
246,1,1,9,7,0.0
247,1,1,9,8,-0.0
248,1,1,9,9,-0.0
249,1,1,9,10,-0.0
250,1,1,9,11,-0.0
251,1,1,9,12,-0.0
252,1,1,9,13,-0.0
253,1,1,9,14,-0.0
254,1,1,9,15,-0.0
255,1,1,9,16,-0.0
256,1,1,9,17,-0.0
257,1,1,9,18,-0.0
258,1,1,9,19,-0.0
259,1,1,9,20,-0.0
260,1,1,9,21,-0.0
261,1,1,9,22,-0.0
262,1,1,9,23,-0.0
263,1,1,9,24,-0.0
264,1,1,9,25,-0.0
265,1,1,9,26,-0.0
266,1,1,9,27,-0.0
267,1,1,9,28,-0.0
268,1,1,9,29,0.0
269,1,1,9,30,0.0
270,1,1,10,1,0.0
271,1,1,10,2,0.0
272,1,1,10,3,0.0
273,1,1,10,4,0.0
274,1,1,10,5,0.0
275,1,1,10,6,0.0
276,1,1,10,7,0.0
277,1,1,10,8,-0.0
278,1,1,10,9,-0.0
279,1,1,10,10,-0.0
280,1,1,10,11,-0.0
281,1,1,10,12,-0.0
282,1,1,10,13,-0.0
283,1,1,10,14,-0.0
284,1,1,10,15,-0.0
285,1,1,10,16,-0.0
286,1,1,10,17,-0.0
287,1,1,10,18,-0.0
288,1,1,10,19,-0.0
289,1,1,10,20,-0.0
290,1,1,10,21,-0.0
291,1,1,10,22,-0.0
292,1,1,10,23,-0.0
293,1,1,10,24,-0.0
294,1,1,10,25,-0.0
295,1,1,10,26,-0.0
296,1,1,10,27,-0.0
297,1,1,10,28,-0.0
298,1,1,10,29,0.0
299,1,1,10,30,0.0
300,1,1,11,1,0.0
301,1,1,11,2,0.0
302,1,1,11,3,0.0
303,1,1,11,4,0.0
304,1,1,11,5,0.0
305,1,1,11,6,0.0
306,1,1,11,7,0.0
307,1,1,11,8,-0.0
308,1,1,11,9,-0.0
309,1,1,11,10,-0.0
310,1,1,11,11,-0.0
311,1,1,11,12,-0.0
312,1,1,11,13,-0.0
313,1,1,11,14,-0.0
314,1,1,11,15,-0.0
315,1,1,11,16,-0.0
316,1,1,11,17,-0.0
317,1,1,11,18,-0.0
318,1,1,11,19,-0.0
319,1,1,11,20,-0.0
320,1,1,11,21,-0.0
321,1,1,11,22,-0.0
322,1,1,11,23,-0.0
323,1,1,11,24,-0.0
324,1,1,11,25,-0.0
325,1,1,11,26,-0.0
326,1,1,11,27,-0.0
327,1,1,11,28,-0.0
328,1,1,11,29,0.0
329,1,1,11,30,0.0
330,1,1,12,1,0.0
331,1,1,12,2,0.0
332,1,1,12,3,0.0
333,1,1,12,4,0.0
334,1,1,12,5,0.0
335,1,1,12,6,0.0
336,1,1,12,7,0.0
337,1,1,12,8,-0.0
338,1,1,12,9,-0.0
339,1,1,12,10,-0.0
340,1,1,12,11,-0.0
341,1,1,12,12,-0.0
342,1,1,12,13,-0.0
343,1,1,12,14,-0.0
344,1,1,12,15,-0.0
345,1,1,12,16,-0.0
346,1,1,12,17,-0.0
347,1,1,12,18,-0.0
348,1,1,12,19,-0.0
349,1,1,12,20,-0.0
350,1,1,12,21,-0.0
351,1,1,12,22,-0.0
352,1,1,12,23,-0.0
353,1,1,12,24,-0.0
354,1,1,12,25,-0.0
355,1,1,12,26,-0.0
356,1,1,12,27,-0.0
357,1,1,12,28,-0.0
358,1,1,12,29,0.0
359,1,1,12,30,0.0
360,1,1,13,1,0.0
361,1,1,13,2,0.0
362,1,1,13,3,0.0
363,1,1,13,4,0.0
364,1,1,13,5,0.0
365,1,1,13,6,0.0
366,1,1,13,7,0.0
367,1,1,13,8,-0.0
368,1,1,13,9,-0.0
369,1,1,13,10,-0.0
370,1,1,13,11,-0.0
371,1,1,13,12,-0.0
372,1,1,13,13,-0.0
373,1,1,13,14,-0.0
374,1,1,13,15,-0.0
375,1,1,13,16,-0.0
376,1,1,13,17,-0.0
377,1,1,13,18,-0.0
378,1,1,13,19,-0.0
379,1,1,13,20,-0.0
380,1,1,13,21,-0.0
381,1,1,13,22,-0.0
382,1,1,13,23,-0.0
383,1,1,13,24,-0.0
384,1,1,13,25,-0.0
385,1,1,13,26,-0.0
386,1,1,13,27,-0.0
387,1,1,13,28,-0.0
388,1,1,13,29,0.0
389,1,1,13,30,0.0
390,1,1,14,1,0.0
391,1,1,14,2,0.0
392,1,1,14,3,0.0
393,1,1,14,4,0.0
394,1,1,14,5,0.0
395,1,1,14,6,0.0
396,1,1,14,7,0.0
397,1,1,14,8,-0.0
398,1,1,14,9,-0.0
399,1,1,14,10,-0.0
400,1,1,14,11,-0.0
401,1,1,14,12,-0.0
402,1,1,14,13,-0.0
403,1,1,14,14,-0.0
404,1,1,14,15,-0.0
405,1,1,14,16,-0.0
406,1,1,14,17,-0.0
407,1,1,14,18,-0.0
408,1,1,14,19,-0.0
409,1,1,14,20,-0.0
410,1,1,14,21,-0.0
411,1,1,14,22,-0.0
412,1,1,14,23,-0.0
413,1,1,14,24,-0.0
414,1,1,14,25,-0.0
415,1,1,14,26,-0.0
416,1,1,14,27,-0.0
417,1,1,14,28,-0.0
418,1,1,14,29,0.0
419,1,1,14,30,0.0
420,1,1,15,1,0.0
421,1,1,15,2,0.0
422,1,1,15,3,0.0
423,1,1,15,4,0.0
424,1,1,15,5,0.0
425,1,1,15,6,0.0
426,1,1,15,7,0.0
427,1,1,15,8,-0.0
428,1,1,15,9,-0.0
429,1,1,15,10,-0.0
430,1,1,15,11,-0.0
431,1,1,15,12,-0.0
432,1,1,15,13,-0.0
433,1,1,15,14,-0.0
434,1,1,15,15,-0.0
435,1,1,15,16,-0.0
436,1,1,15,17,-0.0
437,1,1,15,18,-0.0
438,1,1,15,19,-0.0
439,1,1,15,20,-0.0
440,1,1,15,21,-0.0
441,1,1,15,22,-0.0
442,1,1,15,23,-0.0
443,1,1,15,24,-0.0
444,1,1,15,25,-0.0
445,1,1,15,26,-0.0
446,1,1,15,27,-0.0
447,1,1,15,28,-0.0
448,1,1,15,29,0.0
449,1,1,15,30,0.0
450,1,2,1,1,0.0
451,1,2,1,2,0.0
452,1,2,1,3,0.0
453,1,2,1,4,0.0
454,1,2,1,5,0.0
455,1,2,1,6,0.0
456,1,2,1,7,0.0
457,1,2,1,8,0.0
458,1,2,1,9,0.0
459,1,2,1,10,0.0
460,1,2,1,11,0.0
461,1,2,1,12,0.0
462,1,2,1,13,0.0
463,1,2,1,14,0.0
464,1,2,1,15,-0.0
465,1,2,1,16,-0.0
466,1,2,1,17,-0.0
467,1,2,1,18,-0.0
468,1,2,1,19,-0.0
469,1,2,1,20,-0.0
470,1,2,1,21,-0.0
471,1,2,1,22,-0.0
472,1,2,1,23,-0.0
473,1,2,1,24,-0.0
474,1,2,1,25,-0.0
475,1,2,1,26,-0.0
476,1,2,1,27,-0.0
477,1,2,1,28,-0.0
478,1,2,1,29,0.0
479,1,2,1,30,0.0
480,1,2,2,1,0.0
481,1,2,2,2,0.0
482,1,2,2,3,0.0
483,1,2,2,4,0.0
484,1,2,2,5,0.0
485,1,2,2,6,0.0
486,1,2,2,7,0.0
487,1,2,2,8,0.0
488,1,2,2,9,0.0
489,1,2,2,10,0.0
490,1,2,2,11,0.0
491,1,2,2,12,0.0
492,1,2,2,13,0.0
493,1,2,2,14,0.0
494,1,2,2,15,-0.0
495,1,2,2,16,-0.0
496,1,2,2,17,-0.0
497,1,2,2,18,-0.0
498,1,2,2,19,-0.0
499,1,2,2,20,-0.0
500,1,2,2,21,-0.0
501,1,2,2,22,-0.0
502,1,2,2,23,-0.0
503,1,2,2,24,-0.0
504,1,2,2,25,-0.0
505,1,2,2,26,-0.0
506,1,2,2,27,-0.0
507,1,2,2,28,-0.0
508,1,2,2,29,0.0
509,1,2,2,30,0.0
510,1,2,3,1,0.0
511,1,2,3,2,0.0
512,1,2,3,3,0.0
513,1,2,3,4,0.0
514,1,2,3,5,0.0
515,1,2,3,6,0.0
516,1,2,3,7,0.0
517,1,2,3,8,0.0
518,1,2,3,9,0.0
519,1,2,3,10,0.0
520,1,2,3,11,0.0
521,1,2,3,12,0.0
522,1,2,3,13,0.0
523,1,2,3,14,0.0
524,1,2,3,15,-0.0
525,1,2,3,16,-0.0
526,1,2,3,17,-0.0
527,1,2,3,18,-0.0
528,1,2,3,19,-0.0
529,1,2,3,20,-0.0
530,1,2,3,21,-0.0
531,1,2,3,22,-0.0
532,1,2,3,23,-0.0
533,1,2,3,24,-0.0
534,1,2,3,25,-0.0
535,1,2,3,26,-0.0
536,1,2,3,27,-0.0
537,1,2,3,28,-0.0
538,1,2,3,29,0.0
539,1,2,3,30,0.0
540,1,2,4,1,0.0
541,1,2,4,2,0.0
542,1,2,4,3,0.0
543,1,2,4,4,0.0
544,1,2,4,5,0.0
545,1,2,4,6,0.0
546,1,2,4,7,0.0
547,1,2,4,8,0.0
548,1,2,4,9,0.0
549,1,2,4,10,0.0
550,1,2,4,11,0.0
551,1,2,4,12,0.0
552,1,2,4,13,0.0
553,1,2,4,14,0.0
554,1,2,4,15,-0.0
555,1,2,4,16,-0.0
556,1,2,4,17,-0.0
557,1,2,4,18,-0.0
558,1,2,4,19,-0.0
559,1,2,4,20,-0.0
560,1,2,4,21,-0.0
561,1,2,4,22,-0.0
562,1,2,4,23,-0.0
563,1,2,4,24,-0.0
564,1,2,4,25,-0.0
565,1,2,4,26,-0.0
566,1,2,4,27,-0.0
567,1,2,4,28,-0.0
568,1,2,4,29,0.0
569,1,2,4,30,0.0
570,1,2,5,1,0.0
571,1,2,5,2,0.0
572,1,2,5,3,0.0
573,1,2,5,4,0.0
574,1,2,5,5,0.0
575,1,2,5,6,0.0
576,1,2,5,7,0.0
577,1,2,5,8,0.0
578,1,2,5,9,0.0
579,1,2,5,10,0.0
580,1,2,5,11,0.0
581,1,2,5,12,0.0
582,1,2,5,13,0.0
583,1,2,5,14,0.0
584,1,2,5,15,-0.0
585,1,2,5,16,-0.0
586,1,2,5,17,-0.0
587,1,2,5,18,-0.0
588,1,2,5,19,-0.0
589,1,2,5,20,-0.0
590,1,2,5,21,-0.0
591,1,2,5,22,-0.0
592,1,2,5,23,-0.0
593,1,2,5,24,-0.0
594,1,2,5,25,-0.0
595,1,2,5,26,-0.0
596,1,2,5,27,-0.0
597,1,2,5,28,-0.0
598,1,2,5,29,0.0
599,1,2,5,30,0.0
600,1,2,6,1,0.0
601,1,2,6,2,0.0
602,1,2,6,3,0.0
603,1,2,6,4,0.0
604,1,2,6,5,0.0
605,1,2,6,6,0.0
606,1,2,6,7,0.0
607,1,2,6,8,0.0
608,1,2,6,9,0.0
609,1,2,6,10,0.0
610,1,2,6,11,0.0
611,1,2,6,12,0.0
612,1,2,6,13,0.0
613,1,2,6,14,0.0
614,1,2,6,15,-0.0
615,1,2,6,16,-0.0
616,1,2,6,17,-0.0
617,1,2,6,18,-0.0
618,1,2,6,19,-0.0
619,1,2,6,20,-0.0
620,1,2,6,21,-0.0
621,1,2,6,22,-0.0
622,1,2,6,23,-0.0
623,1,2,6,24,-0.0
624,1,2,6,25,-0.0
625,1,2,6,26,-0.0
626,1,2,6,27,-0.0
627,1,2,6,28,-0.0
628,1,2,6,29,0.0
629,1,2,6,30,0.0
630,1,2,7,1,0.0
631,1,2,7,2,0.0
632,1,2,7,3,0.0
633,1,2,7,4,0.0
634,1,2,7,5,0.0
635,1,2,7,6,0.0
636,1,2,7,7,0.0
637,1,2,7,8,0.0
638,1,2,7,9,0.0
639,1,2,7,10,0.0
640,1,2,7,11,0.0
641,1,2,7,12,0.0
642,1,2,7,13,0.0
643,1,2,7,14,0.0
644,1,2,7,15,-0.0
645,1,2,7,16,-0.0
646,1,2,7,17,-0.0
647,1,2,7,18,-0.0
648,1,2,7,19,-0.0
649,1,2,7,20,-0.0
650,1,2,7,21,-0.0
651,1,2,7,22,-0.0
652,1,2,7,23,-0.0
653,1,2,7,24,-0.0
654,1,2,7,25,-0.0
655,1,2,7,26,-0.0
656,1,2,7,27,-0.0
657,1,2,7,28,-0.0
658,1,2,7,29,0.0
659,1,2,7,30,0.0
660,1,2,8,1,0.0
661,1,2,8,2,0.0
662,1,2,8,3,0.0
663,1,2,8,4,0.0
664,1,2,8,5,0.0
665,1,2,8,6,0.0
666,1,2,8,7,0.0
667,1,2,8,8,0.0
668,1,2,8,9,0.0
669,1,2,8,10,0.0
670,1,2,8,11,0.0
671,1,2,8,12,0.0
672,1,2,8,13,0.0
673,1,2,8,14,0.0
674,1,2,8,15,-0.0
675,1,2,8,16,-0.0
676,1,2,8,17,-0.0
677,1,2,8,18,-0.0
678,1,2,8,19,-0.0
679,1,2,8,20,-0.0
680,1,2,8,21,-0.0
681,1,2,8,22,-0.0
682,1,2,8,23,-0.0
683,1,2,8,24,-0.0
684,1,2,8,25,-0.0
685,1,2,8,26,-0.0
686,1,2,8,27,-0.0
687,1,2,8,28,-0.0
688,1,2,8,29,0.0
689,1,2,8,30,0.0
690,1,2,9,1,0.0
691,1,2,9,2,0.0
692,1,2,9,3,0.0
693,1,2,9,4,0.0
694,1,2,9,5,0.0
695,1,2,9,6,0.0
696,1,2,9,7,0.0
697,1,2,9,8,0.0
698,1,2,9,9,0.0
699,1,2,9,10,0.0
700,1,2,9,11,0.0
701,1,2,9,12,0.0
702,1,2,9,13,0.0
703,1,2,9,14,0.0
704,1,2,9,15,-0.0
705,1,2,9,16,-0.0
706,1,2,9,17,-0.0
707,1,2,9,18,-0.0
708,1,2,9,19,-0.0
709,1,2,9,20,-0.0
710,1,2,9,21,-0.0
711,1,2,9,22,-0.0
712,1,2,9,23,-0.0
713,1,2,9,24,-0.0
714,1,2,9,25,-0.0
715,1,2,9,26,-0.0
716,1,2,9,27,-0.0
717,1,2,9,28,-0.0
718,1,2,9,29,0.0
719,1,2,9,30,0.0
720,1,2,10,1,0.0
721,1,2,10,2,0.0
722,1,2,10,3,0.0
723,1,2,10,4,0.0
724,1,2,10,5,0.0
725,1,2,10,6,0.0
726,1,2,10,7,0.0
727,1,2,10,8,0.0
728,1,2,10,9,0.0
729,1,2,10,10,0.0
730,1,2,10,11,0.0
731,1,2,10,12,0.0
732,1,2,10,13,0.0
733,1,2,10,14,0.0
734,1,2,10,15,-0.0
735,1,2,10,16,-0.0
736,1,2,10,17,-0.0
737,1,2,10,18,-0.0
738,1,2,10,19,-0.0
739,1,2,10,20,-0.0
740,1,2,10,21,-0.0
741,1,2,10,22,-0.0
742,1,2,10,23,-0.0
743,1,2,10,24,-0.0
744,1,2,10,25,-0.0
745,1,2,10,26,-0.0
746,1,2,10,27,-0.0
747,1,2,10,28,-0.0
748,1,2,10,29,0.0
749,1,2,10,30,0.0
750,1,2,11,1,0.0
751,1,2,11,2,0.0
752,1,2,11,3,0.0
753,1,2,11,4,0.0
754,1,2,11,5,0.0
755,1,2,11,6,0.0
756,1,2,11,7,0.0
757,1,2,11,8,0.0
758,1,2,11,9,0.0
759,1,2,11,10,0.0
760,1,2,11,11,0.0
761,1,2,11,12,0.0
762,1,2,11,13,0.0
763,1,2,11,14,0.0
764,1,2,11,15,-0.0
765,1,2,11,16,-0.0
766,1,2,11,17,-0.0
767,1,2,11,18,-0.0
768,1,2,11,19,-0.0
769,1,2,11,20,-0.0
770,1,2,11,21,-0.0
771,1,2,11,22,-0.0
772,1,2,11,23,-0.0
773,1,2,11,24,-0.0
774,1,2,11,25,-0.0
775,1,2,11,26,-0.0
776,1,2,11,27,-0.0
777,1,2,11,28,-0.0
778,1,2,11,29,0.0
779,1,2,11,30,0.0
780,1,2,12,1,0.0
781,1,2,12,2,0.0
782,1,2,12,3,0.0
783,1,2,12,4,0.0
784,1,2,12,5,0.0
785,1,2,12,6,0.0
786,1,2,12,7,0.0
787,1,2,12,8,0.0
788,1,2,12,9,0.0
789,1,2,12,10,0.0
790,1,2,12,11,0.0
791,1,2,12,12,0.0
792,1,2,12,13,0.0
793,1,2,12,14,0.0
794,1,2,12,15,-0.0
795,1,2,12,16,-0.0
796,1,2,12,17,-0.0
797,1,2,12,18,-0.0
798,1,2,12,19,-0.0
799,1,2,12,20,-0.0
800,1,2,12,21,-0.0
801,1,2,12,22,-0.0
802,1,2,12,23,-0.0
803,1,2,12,24,-0.0
804,1,2,12,25,-0.0
805,1,2,12,26,-0.0
806,1,2,12,27,-0.0
807,1,2,12,28,-0.0
808,1,2,12,29,0.0
809,1,2,12,30,0.0
810,1,2,13,1,0.0
811,1,2,13,2,0.0
812,1,2,13,3,0.0
813,1,2,13,4,0.0
814,1,2,13,5,0.0
815,1,2,13,6,0.0
816,1,2,13,7,0.0
817,1,2,13,8,0.0
818,1,2,13,9,0.0
819,1,2,13,10,0.0
820,1,2,13,11,0.0
821,1,2,13,12,0.0
822,1,2,13,13,0.0
823,1,2,13,14,0.0
824,1,2,13,15,-0.0
825,1,2,13,16,-0.0
826,1,2,13,17,-0.0
827,1,2,13,18,-0.0
828,1,2,13,19,-0.0
829,1,2,13,20,-0.0
830,1,2,13,21,-0.0
831,1,2,13,22,-0.0
832,1,2,13,23,-0.0
833,1,2,13,24,-0.0
834,1,2,13,25,-0.0
835,1,2,13,26,-0.0
836,1,2,13,27,-0.0
837,1,2,13,28,-0.0
838,1,2,13,29,0.0
839,1,2,13,30,0.0
840,1,2,14,1,0.0
841,1,2,14,2,0.0
842,1,2,14,3,0.0
843,1,2,14,4,0.0
844,1,2,14,5,0.0
845,1,2,14,6,0.0
846,1,2,14,7,0.0
847,1,2,14,8,0.0
848,1,2,14,9,0.0
849,1,2,14,10,0.0
850,1,2,14,11,0.0
851,1,2,14,12,0.0
852,1,2,14,13,0.0
853,1,2,14,14,0.0
854,1,2,14,15,-0.0
855,1,2,14,16,-0.0
856,1,2,14,17,-0.0
857,1,2,14,18,-0.0
858,1,2,14,19,-0.0
859,1,2,14,20,-0.0
860,1,2,14,21,-0.0
861,1,2,14,22,-0.0
862,1,2,14,23,-0.0
863,1,2,14,24,-0.0
864,1,2,14,25,-0.0
865,1,2,14,26,-0.0
866,1,2,14,27,-0.0
867,1,2,14,28,-0.0
868,1,2,14,29,0.0
869,1,2,14,30,0.0
870,1,2,15,1,0.0
871,1,2,15,2,0.0
872,1,2,15,3,0.0
873,1,2,15,4,0.0
874,1,2,15,5,0.0
875,1,2,15,6,0.0
876,1,2,15,7,0.0
877,1,2,15,8,0.0
878,1,2,15,9,0.0
879,1,2,15,10,0.0
880,1,2,15,11,0.0
881,1,2,15,12,0.0
882,1,2,15,13,0.0
883,1,2,15,14,0.0
884,1,2,15,15,-0.0
885,1,2,15,16,-0.0
886,1,2,15,17,-0.0
887,1,2,15,18,-0.0
888,1,2,15,19,-0.0
889,1,2,15,20,-0.0
890,1,2,15,21,-0.0
891,1,2,15,22,-0.0
892,1,2,15,23,-0.0
893,1,2,15,24,-0.0
894,1,2,15,25,-0.0
895,1,2,15,26,-0.0
896,1,2,15,27,-0.0
897,1,2,15,28,-0.0
898,1,2,15,29,0.0
899,1,2,15,30,0.0
900,1,3,1,1,0.0
901,1,3,1,2,0.0
902,1,3,1,3,0.0
903,1,3,1,4,0.0
904,1,3,1,5,0.0
905,1,3,1,6,0.0
906,1,3,1,7,0.0
907,1,3,1,8,0.0
908,1,3,1,9,0.0
909,1,3,1,10,0.0
910,1,3,1,11,0.0
911,1,3,1,12,0.0
912,1,3,1,13,0.0
913,1,3,1,14,0.0
914,1,3,1,15,0.0
915,1,3,1,16,0.0
916,1,3,1,17,0.0
917,1,3,1,18,0.0
918,1,3,1,19,0.0
919,1,3,1,20,0.0
920,1,3,1,21,0.0
921,1,3,1,22,-0.0
922,1,3,1,23,-0.0
923,1,3,1,24,-0.0
924,1,3,1,25,-0.0
925,1,3,1,26,-0.0
926,1,3,1,27,-0.0
927,1,3,1,28,-0.0
928,1,3,1,29,0.0
929,1,3,1,30,0.0
930,1,3,2,1,0.0
931,1,3,2,2,0.0
932,1,3,2,3,0.0
933,1,3,2,4,0.0
934,1,3,2,5,0.0
935,1,3,2,6,0.0
936,1,3,2,7,0.0
937,1,3,2,8,0.0
938,1,3,2,9,0.0
939,1,3,2,10,0.0
940,1,3,2,11,0.0
941,1,3,2,12,0.0
942,1,3,2,13,0.0
943,1,3,2,14,0.0
944,1,3,2,15,0.0
945,1,3,2,16,0.0
946,1,3,2,17,0.0
947,1,3,2,18,0.0
948,1,3,2,19,0.0
949,1,3,2,20,0.0
950,1,3,2,21,0.0
951,1,3,2,22,-0.0
952,1,3,2,23,-0.0
953,1,3,2,24,-0.0
954,1,3,2,25,-0.0
955,1,3,2,26,-0.0
956,1,3,2,27,-0.0
957,1,3,2,28,-0.0
958,1,3,2,29,0.0
959,1,3,2,30,0.0
960,1,3,3,1,0.0
961,1,3,3,2,0.0
962,1,3,3,3,0.0
963,1,3,3,4,0.0
964,1,3,3,5,0.0
965,1,3,3,6,0.0
966,1,3,3,7,0.0
967,1,3,3,8,0.0
968,1,3,3,9,0.0
969,1,3,3,10,0.0
970,1,3,3,11,0.0
971,1,3,3,12,0.0
972,1,3,3,13,0.0
973,1,3,3,14,0.0
974,1,3,3,15,0.0
975,1,3,3,16,0.0
976,1,3,3,17,0.0
977,1,3,3,18,0.0
978,1,3,3,19,0.0
979,1,3,3,20,0.0
980,1,3,3,21,0.0
981,1,3,3,22,-0.0
982,1,3,3,23,-0.0
983,1,3,3,24,-0.0
984,1,3,3,25,-0.0
985,1,3,3,26,-0.0
986,1,3,3,27,-0.0
987,1,3,3,28,-0.0
988,1,3,3,29,0.0
989,1,3,3,30,0.0
990,1,3,4,1,0.0
991,1,3,4,2,0.0
992,1,3,4,3,0.0
993,1,3,4,4,0.0
994,1,3,4,5,0.0
995,1,3,4,6,0.0
996,1,3,4,7,0.0
997,1,3,4,8,0.0
998,1,3,4,9,0.0
999,1,3,4,10,0.0
1000,1,3,4,11,0.0
1001,1,3,4,12,0.0
1002,1,3,4,13,0.0
1003,1,3,4,14,0.0
1004,1,3,4,15,0.0
1005,1,3,4,16,0.0
1006,1,3,4,17,0.0
1007,1,3,4,18,0.0
1008,1,3,4,19,0.0
1009,1,3,4,20,0.0
1010,1,3,4,21,0.0
1011,1,3,4,22,-0.0
1012,1,3,4,23,-0.0
1013,1,3,4,24,-0.0
1014,1,3,4,25,-0.0
1015,1,3,4,26,-0.0
1016,1,3,4,27,-0.0
1017,1,3,4,28,-0.0
1018,1,3,4,29,0.0
1019,1,3,4,30,0.0
1020,1,3,5,1,0.0
1021,1,3,5,2,0.0
1022,1,3,5,3,0.0
1023,1,3,5,4,0.0
1024,1,3,5,5,0.0
1025,1,3,5,6,0.0
1026,1,3,5,7,0.0
1027,1,3,5,8,0.0
1028,1,3,5,9,0.0
1029,1,3,5,10,0.0
1030,1,3,5,11,0.0
1031,1,3,5,12,0.0
1032,1,3,5,13,0.0
1033,1,3,5,14,0.0
1034,1,3,5,15,0.0
1035,1,3,5,16,0.0
1036,1,3,5,17,0.0
1037,1,3,5,18,0.0
1038,1,3,5,19,0.0
1039,1,3,5,20,0.0
1040,1,3,5,21,0.0
1041,1,3,5,22,-0.0
1042,1,3,5,23,-0.0
1043,1,3,5,24,-0.0
1044,1,3,5,25,-0.0
1045,1,3,5,26,-0.0
1046,1,3,5,27,-0.0
1047,1,3,5,28,-0.0
1048,1,3,5,29,0.0
1049,1,3,5,30,0.0
1050,1,3,6,1,0.0
1051,1,3,6,2,0.0
1052,1,3,6,3,0.0
1053,1,3,6,4,0.0
1054,1,3,6,5,0.0
1055,1,3,6,6,0.0
1056,1,3,6,7,0.0
1057,1,3,6,8,0.0
1058,1,3,6,9,0.0
1059,1,3,6,10,0.0
1060,1,3,6,11,0.0
1061,1,3,6,12,0.0
1062,1,3,6,13,0.0
1063,1,3,6,14,0.0
1064,1,3,6,15,0.0
1065,1,3,6,16,0.0
1066,1,3,6,17,0.0
1067,1,3,6,18,0.0
1068,1,3,6,19,0.0
1069,1,3,6,20,0.0
1070,1,3,6,21,0.0
1071,1,3,6,22,-0.0
1072,1,3,6,23,-0.0
1073,1,3,6,24,-0.0
1074,1,3,6,25,-0.0
1075,1,3,6,26,-0.0
1076,1,3,6,27,-0.0
1077,1,3,6,28,-0.0
1078,1,3,6,29,0.0
1079,1,3,6,30,0.0
1080,1,3,7,1,0.0
1081,1,3,7,2,0.0
1082,1,3,7,3,0.0
1083,1,3,7,4,0.0
1084,1,3,7,5,0.0
1085,1,3,7,6,0.0
1086,1,3,7,7,0.0
1087,1,3,7,8,0.0
1088,1,3,7,9,0.0
1089,1,3,7,10,0.0
1090,1,3,7,11,0.0
1091,1,3,7,12,0.0
1092,1,3,7,13,0.0
1093,1,3,7,14,0.0
1094,1,3,7,15,0.0
1095,1,3,7,16,0.0
1096,1,3,7,17,0.0
1097,1,3,7,18,0.0
1098,1,3,7,19,0.0
1099,1,3,7,20,0.0
1100,1,3,7,21,0.0
1101,1,3,7,22,-0.0
1102,1,3,7,23,-0.0
1103,1,3,7,24,-0.0
1104,1,3,7,25,-0.0
1105,1,3,7,26,-0.0
1106,1,3,7,27,-0.0
1107,1,3,7,28,-0.0
1108,1,3,7,29,0.0
1109,1,3,7,30,0.0
1110,1,3,8,1,0.0
1111,1,3,8,2,0.0
1112,1,3,8,3,0.0
1113,1,3,8,4,0.0
1114,1,3,8,5,0.0
1115,1,3,8,6,0.0
1116,1,3,8,7,0.0
1117,1,3,8,8,0.0
1118,1,3,8,9,0.0
1119,1,3,8,10,0.0
1120,1,3,8,11,0.0
1121,1,3,8,12,0.0
1122,1,3,8,13,0.0
1123,1,3,8,14,0.0
1124,1,3,8,15,0.0
1125,1,3,8,16,0.0
1126,1,3,8,17,0.0
1127,1,3,8,18,0.0
1128,1,3,8,19,0.0
1129,1,3,8,20,0.0
1130,1,3,8,21,0.0
1131,1,3,8,22,-0.0
1132,1,3,8,23,-0.0
1133,1,3,8,24,-0.0
1134,1,3,8,25,-0.0
1135,1,3,8,26,-0.0
1136,1,3,8,27,-0.0
1137,1,3,8,28,-0.0
1138,1,3,8,29,0.0
1139,1,3,8,30,0.0
1140,1,3,9,1,0.0
1141,1,3,9,2,0.0
1142,1,3,9,3,0.0
1143,1,3,9,4,0.0
1144,1,3,9,5,0.0
1145,1,3,9,6,0.0
1146,1,3,9,7,0.0
1147,1,3,9,8,0.0
1148,1,3,9,9,0.0
1149,1,3,9,10,0.0
1150,1,3,9,11,0.0
1151,1,3,9,12,0.0
1152,1,3,9,13,0.0
1153,1,3,9,14,0.0
1154,1,3,9,15,0.0
1155,1,3,9,16,0.0
1156,1,3,9,17,0.0
1157,1,3,9,18,0.0
1158,1,3,9,19,0.0
1159,1,3,9,20,0.0
1160,1,3,9,21,0.0
1161,1,3,9,22,-0.0
1162,1,3,9,23,-0.0
1163,1,3,9,24,-0.0
1164,1,3,9,25,-0.0
1165,1,3,9,26,-0.0
1166,1,3,9,27,-0.0
1167,1,3,9,28,-0.0
1168,1,3,9,29,0.0
1169,1,3,9,30,0.0
1170,1,3,10,1,0.0
1171,1,3,10,2,0.0
1172,1,3,10,3,0.0
1173,1,3,10,4,0.0
1174,1,3,10,5,0.0
1175,1,3,10,6,0.0
1176,1,3,10,7,0.0
1177,1,3,10,8,0.0
1178,1,3,10,9,0.0
1179,1,3,10,10,0.0
1180,1,3,10,11,0.0
1181,1,3,10,12,0.0
1182,1,3,10,13,0.0
1183,1,3,10,14,0.0
1184,1,3,10,15,0.0
1185,1,3,10,16,0.0
1186,1,3,10,17,0.0
1187,1,3,10,18,0.0
1188,1,3,10,19,0.0
1189,1,3,10,20,0.0
1190,1,3,10,21,0.0
1191,1,3,10,22,-0.0
1192,1,3,10,23,-0.0
1193,1,3,10,24,-0.0
1194,1,3,10,25,-0.0
1195,1,3,10,26,-0.0
1196,1,3,10,27,-0.0
1197,1,3,10,28,-0.0
1198,1,3,10,29,0.0
1199,1,3,10,30,0.0
1200,1,3,11,1,0.0
1201,1,3,11,2,0.0
1202,1,3,11,3,0.0
1203,1,3,11,4,0.0
1204,1,3,11,5,0.0
1205,1,3,11,6,0.0
1206,1,3,11,7,0.0
1207,1,3,11,8,0.0
1208,1,3,11,9,0.0
1209,1,3,11,10,0.0
1210,1,3,11,11,0.0
1211,1,3,11,12,0.0
1212,1,3,11,13,0.0
1213,1,3,11,14,0.0
1214,1,3,11,15,0.0
1215,1,3,11,16,0.0
1216,1,3,11,17,0.0
1217,1,3,11,18,0.0
1218,1,3,11,19,0.0
1219,1,3,11,20,0.0
1220,1,3,11,21,0.0
1221,1,3,11,22,-0.0
1222,1,3,11,23,-0.0
1223,1,3,11,24,-0.0
1224,1,3,11,25,-0.0
1225,1,3,11,26,-0.0
1226,1,3,11,27,-0.0
1227,1,3,11,28,-0.0
1228,1,3,11,29,0.0
1229,1,3,11,30,0.0
1230,1,3,12,1,0.0
1231,1,3,12,2,0.0
1232,1,3,12,3,0.0
1233,1,3,12,4,0.0
1234,1,3,12,5,0.0
1235,1,3,12,6,0.0
1236,1,3,12,7,0.0
1237,1,3,12,8,0.0
1238,1,3,12,9,0.0
1239,1,3,12,10,0.0
1240,1,3,12,11,0.0
1241,1,3,12,12,0.0
1242,1,3,12,13,0.0
1243,1,3,12,14,0.0
1244,1,3,12,15,0.0
1245,1,3,12,16,0.0
1246,1,3,12,17,0.0
1247,1,3,12,18,0.0
1248,1,3,12,19,0.0
1249,1,3,12,20,0.0
1250,1,3,12,21,0.0
1251,1,3,12,22,-0.0
1252,1,3,12,23,-0.0
1253,1,3,12,24,-0.0
1254,1,3,12,25,-0.0
1255,1,3,12,26,-0.0
1256,1,3,12,27,-0.0
1257,1,3,12,28,-0.0
1258,1,3,12,29,0.0
1259,1,3,12,30,0.0
1260,1,3,13,1,0.0
1261,1,3,13,2,0.0
1262,1,3,13,3,0.0
1263,1,3,13,4,0.0
1264,1,3,13,5,0.0
1265,1,3,13,6,0.0
1266,1,3,13,7,0.0
1267,1,3,13,8,0.0
1268,1,3,13,9,0.0
1269,1,3,13,10,0.0
1270,1,3,13,11,0.0
1271,1,3,13,12,0.0
1272,1,3,13,13,0.0
1273,1,3,13,14,0.0
1274,1,3,13,15,0.0
1275,1,3,13,16,0.0
1276,1,3,13,17,0.0
1277,1,3,13,18,0.0
1278,1,3,13,19,0.0
1279,1,3,13,20,0.0
1280,1,3,13,21,0.0
1281,1,3,13,22,-0.0
1282,1,3,13,23,-0.0
1283,1,3,13,24,-0.0
1284,1,3,13,25,-0.0
1285,1,3,13,26,-0.0
1286,1,3,13,27,-0.0
1287,1,3,13,28,-0.0
1288,1,3,13,29,0.0
1289,1,3,13,30,0.0
1290,1,3,14,1,0.0
1291,1,3,14,2,0.0
1292,1,3,14,3,0.0
1293,1,3,14,4,0.0
1294,1,3,14,5,0.0
1295,1,3,14,6,0.0
1296,1,3,14,7,0.0
1297,1,3,14,8,0.0
1298,1,3,14,9,0.0
1299,1,3,14,10,0.0
1300,1,3,14,11,0.0
1301,1,3,14,12,0.0
1302,1,3,14,13,0.0
1303,1,3,14,14,0.0
1304,1,3,14,15,0.0
1305,1,3,14,16,0.0
1306,1,3,14,17,0.0
1307,1,3,14,18,0.0
1308,1,3,14,19,0.0
1309,1,3,14,20,0.0
1310,1,3,14,21,0.0
1311,1,3,14,22,-0.0
1312,1,3,14,23,-0.0
1313,1,3,14,24,-0.0
1314,1,3,14,25,-0.0
1315,1,3,14,26,-0.0
1316,1,3,14,27,-0.0
1317,1,3,14,28,-0.0
1318,1,3,14,29,0.0
1319,1,3,14,30,0.0
1320,1,3,15,1,0.0
1321,1,3,15,2,0.0
1322,1,3,15,3,0.0
1323,1,3,15,4,0.0
1324,1,3,15,5,0.0
1325,1,3,15,6,0.0
1326,1,3,15,7,0.0
1327,1,3,15,8,0.0
1328,1,3,15,9,0.0
1329,1,3,15,10,0.0
1330,1,3,15,11,0.0
1331,1,3,15,12,0.0
1332,1,3,15,13,0.0
1333,1,3,15,14,0.0
1334,1,3,15,15,0.0
1335,1,3,15,16,0.0
1336,1,3,15,17,0.0
1337,1,3,15,18,0.0
1338,1,3,15,19,0.0
1339,1,3,15,20,0.0
1340,1,3,15,21,0.0
1341,1,3,15,22,-0.0
1342,1,3,15,23,-0.0
1343,1,3,15,24,-0.0
1344,1,3,15,25,-0.0
1345,1,3,15,26,-0.0
1346,1,3,15,27,-0.0
1347,1,3,15,28,-0.0
1348,1,3,15,29,0.0
1349,1,3,15,30,0.0
1350,1,4,1,1,0.0
1351,1,4,1,2,0.0
1352,1,4,1,3,0.0
1353,1,4,1,4,0.0
1354,1,4,1,5,0.0
1355,1,4,1,6,0.0
1356,1,4,1,7,0.0
1357,1,4,1,8,0.0
1358,1,4,1,9,0.0
1359,1,4,1,10,0.0
1360,1,4,1,11,0.0
1361,1,4,1,12,-0.0
1362,1,4,1,13,0.0
1363,1,4,1,14,0.0
1364,1,4,1,15,0.0
1365,1,4,1,16,0.0
1366,1,4,1,17,0.0
1367,1,4,1,18,0.0
1368,1,4,1,19,0.0
1369,1,4,1,20,0.0
1370,1,4,1,21,0.0
1371,1,4,1,22,0.0
1372,1,4,1,23,0.0
1373,1,4,1,24,0.0
1374,1,4,1,25,0.0
1375,1,4,1,26,0.0
1376,1,4,1,27,0.0
1377,1,4,1,28,0.0
1378,1,4,1,29,0.0
1379,1,4,1,30,0.0
1380,1,4,2,1,0.0
1381,1,4,2,2,0.0
1382,1,4,2,3,0.0
1383,1,4,2,4,0.0
1384,1,4,2,5,0.0
1385,1,4,2,6,0.0
1386,1,4,2,7,0.0
1387,1,4,2,8,0.0
1388,1,4,2,9,0.0
1389,1,4,2,10,0.0
1390,1,4,2,11,0.0
1391,1,4,2,12,-0.0
1392,1,4,2,13,0.0
1393,1,4,2,14,0.0
1394,1,4,2,15,0.0
1395,1,4,2,16,0.0
1396,1,4,2,17,0.0
1397,1,4,2,18,0.0
1398,1,4,2,19,0.0
1399,1,4,2,20,0.0
1400,1,4,2,21,0.0
1401,1,4,2,22,0.0
1402,1,4,2,23,0.0
1403,1,4,2,24,0.0
1404,1,4,2,25,0.0
1405,1,4,2,26,0.0
1406,1,4,2,27,0.0
1407,1,4,2,28,0.0
1408,1,4,2,29,0.0
1409,1,4,2,30,0.0
1410,1,4,3,1,0.0
1411,1,4,3,2,0.0
1412,1,4,3,3,0.0
1413,1,4,3,4,0.0
1414,1,4,3,5,0.0
1415,1,4,3,6,0.0
1416,1,4,3,7,0.0
1417,1,4,3,8,0.0
1418,1,4,3,9,0.0
1419,1,4,3,10,0.0
1420,1,4,3,11,0.0
1421,1,4,3,12,-0.0
1422,1,4,3,13,0.0
1423,1,4,3,14,0.0
1424,1,4,3,15,0.0
1425,1,4,3,16,0.0
1426,1,4,3,17,0.0
1427,1,4,3,18,0.0
1428,1,4,3,19,0.0
1429,1,4,3,20,0.0
1430,1,4,3,21,0.0
1431,1,4,3,22,0.0
1432,1,4,3,23,0.0
1433,1,4,3,24,0.0
1434,1,4,3,25,0.0
1435,1,4,3,26,0.0
1436,1,4,3,27,0.0
1437,1,4,3,28,0.0
1438,1,4,3,29,0.0
1439,1,4,3,30,0.0
1440,1,4,4,1,0.0
1441,1,4,4,2,0.0
1442,1,4,4,3,0.0
1443,1,4,4,4,0.0
1444,1,4,4,5,0.0
1445,1,4,4,6,0.0
1446,1,4,4,7,0.0
1447,1,4,4,8,0.0
1448,1,4,4,9,0.0
1449,1,4,4,10,0.0
1450,1,4,4,11,0.0
1451,1,4,4,12,-0.0
1452,1,4,4,13,0.0
1453,1,4,4,14,0.0
1454,1,4,4,15,0.0
1455,1,4,4,16,0.0
1456,1,4,4,17,0.0
1457,1,4,4,18,0.0
1458,1,4,4,19,0.0
1459,1,4,4,20,0.0
1460,1,4,4,21,0.0
1461,1,4,4,22,0.0
1462,1,4,4,23,0.0
1463,1,4,4,24,0.0
1464,1,4,4,25,0.0
1465,1,4,4,26,0.0
1466,1,4,4,27,0.0
1467,1,4,4,28,0.0
1468,1,4,4,29,0.0
1469,1,4,4,30,0.0
1470,1,4,5,1,0.0
1471,1,4,5,2,0.0
1472,1,4,5,3,0.0
1473,1,4,5,4,0.0
1474,1,4,5,5,0.0
1475,1,4,5,6,0.0
1476,1,4,5,7,0.0
1477,1,4,5,8,0.0
1478,1,4,5,9,0.0
1479,1,4,5,10,0.0
1480,1,4,5,11,0.0
1481,1,4,5,12,-0.0
1482,1,4,5,13,0.0
1483,1,4,5,14,0.0
1484,1,4,5,15,0.0
1485,1,4,5,16,0.0
1486,1,4,5,17,0.0
1487,1,4,5,18,0.0
1488,1,4,5,19,0.0
1489,1,4,5,20,0.0
1490,1,4,5,21,0.0
1491,1,4,5,22,0.0
1492,1,4,5,23,0.0
1493,1,4,5,24,0.0
1494,1,4,5,25,0.0
1495,1,4,5,26,0.0
1496,1,4,5,27,0.0
1497,1,4,5,28,0.0
1498,1,4,5,29,0.0
1499,1,4,5,30,0.0
1500,1,4,6,1,0.0
1501,1,4,6,2,0.0
1502,1,4,6,3,0.0
1503,1,4,6,4,0.0
1504,1,4,6,5,0.0
1505,1,4,6,6,0.0
1506,1,4,6,7,0.0
1507,1,4,6,8,0.0
1508,1,4,6,9,0.0
1509,1,4,6,10,0.0
1510,1,4,6,11,0.0
1511,1,4,6,12,-0.0
1512,1,4,6,13,0.0
1513,1,4,6,14,0.0
1514,1,4,6,15,0.0
1515,1,4,6,16,0.0
1516,1,4,6,17,0.0
1517,1,4,6,18,0.0
1518,1,4,6,19,0.0
1519,1,4,6,20,0.0
1520,1,4,6,21,0.0
1521,1,4,6,22,0.0
1522,1,4,6,23,0.0
1523,1,4,6,24,0.0
1524,1,4,6,25,0.0
1525,1,4,6,26,0.0
1526,1,4,6,27,0.0
1527,1,4,6,28,0.0
1528,1,4,6,29,0.0
1529,1,4,6,30,0.0
1530,1,4,7,1,0.0
1531,1,4,7,2,0.0
1532,1,4,7,3,0.0
1533,1,4,7,4,0.0
1534,1,4,7,5,0.0
1535,1,4,7,6,0.0
1536,1,4,7,7,0.0
1537,1,4,7,8,0.0
1538,1,4,7,9,0.0
1539,1,4,7,10,0.0
1540,1,4,7,11,0.0
1541,1,4,7,12,-0.0
1542,1,4,7,13,0.0
1543,1,4,7,14,0.0
1544,1,4,7,15,0.0
1545,1,4,7,16,0.0
1546,1,4,7,17,0.0
1547,1,4,7,18,0.0
1548,1,4,7,19,0.0
1549,1,4,7,20,0.0
1550,1,4,7,21,0.0
1551,1,4,7,22,0.0
1552,1,4,7,23,0.0
1553,1,4,7,24,0.0
1554,1,4,7,25,0.0
1555,1,4,7,26,0.0
1556,1,4,7,27,0.0
1557,1,4,7,28,0.0
1558,1,4,7,29,0.0
1559,1,4,7,30,0.0
1560,1,4,8,1,0.0
1561,1,4,8,2,0.0
1562,1,4,8,3,0.0
1563,1,4,8,4,0.0
1564,1,4,8,5,0.0
1565,1,4,8,6,0.0
1566,1,4,8,7,0.0
1567,1,4,8,8,0.0
1568,1,4,8,9,0.0
1569,1,4,8,10,0.0
1570,1,4,8,11,0.0
1571,1,4,8,12,-0.0
1572,1,4,8,13,0.0
1573,1,4,8,14,0.0
1574,1,4,8,15,0.0
1575,1,4,8,16,0.0
1576,1,4,8,17,0.0
1577,1,4,8,18,0.0
1578,1,4,8,19,0.0
1579,1,4,8,20,0.0
1580,1,4,8,21,0.0
1581,1,4,8,22,0.0
1582,1,4,8,23,0.0
1583,1,4,8,24,0.0
1584,1,4,8,25,0.0
1585,1,4,8,26,0.0
1586,1,4,8,27,0.0
1587,1,4,8,28,0.0
1588,1,4,8,29,0.0
1589,1,4,8,30,0.0
1590,1,4,9,1,0.0
1591,1,4,9,2,0.0
1592,1,4,9,3,0.0
1593,1,4,9,4,0.0
1594,1,4,9,5,0.0
1595,1,4,9,6,0.0
1596,1,4,9,7,0.0
1597,1,4,9,8,0.0
1598,1,4,9,9,0.0
1599,1,4,9,10,0.0
1600,1,4,9,11,0.0
1601,1,4,9,12,-0.0
1602,1,4,9,13,0.0
1603,1,4,9,14,0.0
1604,1,4,9,15,0.0
1605,1,4,9,16,0.0
1606,1,4,9,17,0.0
1607,1,4,9,18,0.0
1608,1,4,9,19,0.0
1609,1,4,9,20,0.0
1610,1,4,9,21,0.0
1611,1,4,9,22,0.0
1612,1,4,9,23,0.0
1613,1,4,9,24,0.0
1614,1,4,9,25,0.0
1615,1,4,9,26,0.0
1616,1,4,9,27,0.0
1617,1,4,9,28,0.0
1618,1,4,9,29,0.0
1619,1,4,9,30,0.0
1620,1,4,10,1,0.0
1621,1,4,10,2,0.0
1622,1,4,10,3,0.0
1623,1,4,10,4,0.0
1624,1,4,10,5,0.0
1625,1,4,10,6,0.0
1626,1,4,10,7,0.0
1627,1,4,10,8,0.0
1628,1,4,10,9,0.0
1629,1,4,10,10,0.0
1630,1,4,10,11,0.0
1631,1,4,10,12,-0.0
1632,1,4,10,13,0.0
1633,1,4,10,14,0.0
1634,1,4,10,15,0.0
1635,1,4,10,16,0.0
1636,1,4,10,17,0.0
1637,1,4,10,18,0.0
1638,1,4,10,19,0.0
1639,1,4,10,20,0.0
1640,1,4,10,21,0.0
1641,1,4,10,22,0.0
1642,1,4,10,23,0.0
1643,1,4,10,24,0.0
1644,1,4,10,25,0.0
1645,1,4,10,26,0.0
1646,1,4,10,27,0.0
1647,1,4,10,28,0.0
1648,1,4,10,29,0.0
1649,1,4,10,30,0.0
1650,1,4,11,1,0.0
1651,1,4,11,2,0.0
1652,1,4,11,3,0.0
1653,1,4,11,4,0.0
1654,1,4,11,5,0.0
1655,1,4,11,6,0.0
1656,1,4,11,7,0.0
1657,1,4,11,8,0.0
1658,1,4,11,9,0.0
1659,1,4,11,10,0.0
1660,1,4,11,11,0.0
1661,1,4,11,12,-0.0
1662,1,4,11,13,0.0
1663,1,4,11,14,0.0
1664,1,4,11,15,0.0
1665,1,4,11,16,0.0
1666,1,4,11,17,0.0
1667,1,4,11,18,0.0
1668,1,4,11,19,0.0
1669,1,4,11,20,0.0
1670,1,4,11,21,0.0
1671,1,4,11,22,0.0
1672,1,4,11,23,0.0
1673,1,4,11,24,0.0
1674,1,4,11,25,0.0
1675,1,4,11,26,0.0
1676,1,4,11,27,0.0
1677,1,4,11,28,0.0
1678,1,4,11,29,0.0
1679,1,4,11,30,0.0
1680,1,4,12,1,0.0
1681,1,4,12,2,0.0
1682,1,4,12,3,0.0
1683,1,4,12,4,0.0
1684,1,4,12,5,0.0
1685,1,4,12,6,0.0
1686,1,4,12,7,0.0
1687,1,4,12,8,0.0
1688,1,4,12,9,0.0
1689,1,4,12,10,0.0
1690,1,4,12,11,0.0
1691,1,4,12,12,-0.0
1692,1,4,12,13,0.0
1693,1,4,12,14,0.0
1694,1,4,12,15,0.0
1695,1,4,12,16,0.0
1696,1,4,12,17,0.0
1697,1,4,12,18,0.0
1698,1,4,12,19,0.0
1699,1,4,12,20,0.0
1700,1,4,12,21,0.0
1701,1,4,12,22,0.0
1702,1,4,12,23,0.0
1703,1,4,12,24,0.0
1704,1,4,12,25,0.0
1705,1,4,12,26,0.0
1706,1,4,12,27,0.0
1707,1,4,12,28,0.0
1708,1,4,12,29,0.0
1709,1,4,12,30,0.0
1710,1,4,13,1,0.0
1711,1,4,13,2,0.0
1712,1,4,13,3,0.0
1713,1,4,13,4,0.0
1714,1,4,13,5,0.0
1715,1,4,13,6,0.0
1716,1,4,13,7,0.0
1717,1,4,13,8,0.0
1718,1,4,13,9,0.0
1719,1,4,13,10,0.0
1720,1,4,13,11,0.0
1721,1,4,13,12,-0.0
1722,1,4,13,13,0.0
1723,1,4,13,14,0.0
1724,1,4,13,15,0.0
1725,1,4,13,16,0.0
1726,1,4,13,17,0.0
1727,1,4,13,18,0.0
1728,1,4,13,19,0.0
1729,1,4,13,20,0.0
1730,1,4,13,21,0.0
1731,1,4,13,22,0.0
1732,1,4,13,23,0.0
1733,1,4,13,24,0.0
1734,1,4,13,25,0.0
1735,1,4,13,26,0.0
1736,1,4,13,27,0.0
1737,1,4,13,28,0.0
1738,1,4,13,29,0.0
1739,1,4,13,30,0.0
1740,1,4,14,1,0.0
1741,1,4,14,2,0.0
1742,1,4,14,3,0.0
1743,1,4,14,4,0.0
1744,1,4,14,5,0.0
1745,1,4,14,6,0.0
1746,1,4,14,7,0.0
1747,1,4,14,8,0.0
1748,1,4,14,9,0.0
1749,1,4,14,10,0.0
1750,1,4,14,11,0.0
1751,1,4,14,12,-0.0
1752,1,4,14,13,0.0
1753,1,4,14,14,0.0
1754,1,4,14,15,0.0
1755,1,4,14,16,0.0
1756,1,4,14,17,0.0
1757,1,4,14,18,0.0
1758,1,4,14,19,0.0
1759,1,4,14,20,0.0
1760,1,4,14,21,0.0
1761,1,4,14,22,0.0
1762,1,4,14,23,0.0
1763,1,4,14,24,0.0
1764,1,4,14,25,0.0
1765,1,4,14,26,0.0
1766,1,4,14,27,0.0
1767,1,4,14,28,0.0
1768,1,4,14,29,0.0
1769,1,4,14,30,0.0
1770,1,4,15,1,0.0
1771,1,4,15,2,0.0
1772,1,4,15,3,0.0
1773,1,4,15,4,0.0
1774,1,4,15,5,0.0
1775,1,4,15,6,0.0
1776,1,4,15,7,0.0
1777,1,4,15,8,0.0
1778,1,4,15,9,0.0
1779,1,4,15,10,0.0
1780,1,4,15,11,0.0
1781,1,4,15,12,-0.0
1782,1,4,15,13,0.0
1783,1,4,15,14,0.0
1784,1,4,15,15,0.0
1785,1,4,15,16,0.0
1786,1,4,15,17,0.0
1787,1,4,15,18,0.0
1788,1,4,15,19,0.0
1789,1,4,15,20,0.0
1790,1,4,15,21,0.0
1791,1,4,15,22,0.0
1792,1,4,15,23,0.0
1793,1,4,15,24,0.0
1794,1,4,15,25,0.0
1795,1,4,15,26,0.0
1796,1,4,15,27,0.0
1797,1,4,15,28,0.0
1798,1,4,15,29,0.0
1799,1,4,15,30,0.0
1800,2,1,1,1,0.0
1801,2,1,1,2,0.0
1802,2,1,1,3,0.0
1803,2,1,1,4,0.0
1804,2,1,1,5,0.0
1805,2,1,1,6,0.0
1806,2,1,1,7,0.0
1807,2,1,1,8,0.0
1808,2,1,1,9,0.0
1809,2,1,1,10,0.0
1810,2,1,1,11,0.0
1811,2,1,1,12,0.0
1812,2,1,1,13,0.0
1813,2,1,1,14,0.0
1814,2,1,1,15,0.0
1815,2,1,1,16,0.0
1816,2,1,1,17,0.0
1817,2,1,1,18,0.0
1818,2,1,1,19,0.0
1819,2,1,1,20,0.0
1820,2,1,1,21,0.0
1821,2,1,1,22,0.0
1822,2,1,1,23,0.0
1823,2,1,1,24,0.0
1824,2,1,1,25,0.0
1825,2,1,1,26,0.0
1826,2,1,1,27,0.0
1827,2,1,1,28,0.0
1828,2,1,1,29,0.0
1829,2,1,1,30,0.0
1830,2,1,2,1,0.0
1831,2,1,2,2,0.0
1832,2,1,2,3,0.0
1833,2,1,2,4,0.0
1834,2,1,2,5,0.0
1835,2,1,2,6,0.0
1836,2,1,2,7,0.0
1837,2,1,2,8,0.0
1838,2,1,2,9,0.0
1839,2,1,2,10,0.0
1840,2,1,2,11,0.0
1841,2,1,2,12,0.0
1842,2,1,2,13,0.0
1843,2,1,2,14,0.0
1844,2,1,2,15,0.0
1845,2,1,2,16,0.0
1846,2,1,2,17,0.0
1847,2,1,2,18,0.0
1848,2,1,2,19,0.0
1849,2,1,2,20,0.0
1850,2,1,2,21,0.0
1851,2,1,2,22,0.0
1852,2,1,2,23,0.0
1853,2,1,2,24,0.0
1854,2,1,2,25,0.0
1855,2,1,2,26,0.0
1856,2,1,2,27,0.0
1857,2,1,2,28,0.0
1858,2,1,2,29,0.0
1859,2,1,2,30,0.0
1860,2,1,3,1,0.0
1861,2,1,3,2,0.0
1862,2,1,3,3,0.0
1863,2,1,3,4,0.0
1864,2,1,3,5,0.0
1865,2,1,3,6,0.0
1866,2,1,3,7,0.0
1867,2,1,3,8,0.0
1868,2,1,3,9,0.0
1869,2,1,3,10,0.0
1870,2,1,3,11,0.0
1871,2,1,3,12,0.0
1872,2,1,3,13,0.0
1873,2,1,3,14,0.0
1874,2,1,3,15,0.0
1875,2,1,3,16,0.0
1876,2,1,3,17,0.0
1877,2,1,3,18,0.0
1878,2,1,3,19,0.0
1879,2,1,3,20,0.0
1880,2,1,3,21,0.0
1881,2,1,3,22,0.0
1882,2,1,3,23,0.0
1883,2,1,3,24,0.0
1884,2,1,3,25,0.0
1885,2,1,3,26,0.0
1886,2,1,3,27,0.0
1887,2,1,3,28,0.0
1888,2,1,3,29,0.0
1889,2,1,3,30,0.0
1890,2,1,4,1,0.0
1891,2,1,4,2,0.0
1892,2,1,4,3,0.0
1893,2,1,4,4,0.0
1894,2,1,4,5,0.0
1895,2,1,4,6,0.0
1896,2,1,4,7,0.0
1897,2,1,4,8,0.0
1898,2,1,4,9,0.0
1899,2,1,4,10,0.0
1900,2,1,4,11,0.0
1901,2,1,4,12,0.0
1902,2,1,4,13,0.0
1903,2,1,4,14,0.0
1904,2,1,4,15,0.0
1905,2,1,4,16,0.0
1906,2,1,4,17,0.0
1907,2,1,4,18,0.0
1908,2,1,4,19,0.0
1909,2,1,4,20,0.0
1910,2,1,4,21,0.0
1911,2,1,4,22,0.0
1912,2,1,4,23,0.0
1913,2,1,4,24,0.0
1914,2,1,4,25,0.0
1915,2,1,4,26,0.0
1916,2,1,4,27,0.0
1917,2,1,4,28,0.0
1918,2,1,4,29,0.0
1919,2,1,4,30,0.0
1920,2,1,5,1,0.0
1921,2,1,5,2,0.0
1922,2,1,5,3,0.0
1923,2,1,5,4,0.0
1924,2,1,5,5,0.0
1925,2,1,5,6,0.0
1926,2,1,5,7,0.0
1927,2,1,5,8,0.0
1928,2,1,5,9,0.0
1929,2,1,5,10,0.0
1930,2,1,5,11,0.0
1931,2,1,5,12,0.0
1932,2,1,5,13,0.0
1933,2,1,5,14,0.0
1934,2,1,5,15,0.0
1935,2,1,5,16,0.0
1936,2,1,5,17,0.0
1937,2,1,5,18,0.0
1938,2,1,5,19,0.0
1939,2,1,5,20,0.0
1940,2,1,5,21,0.0
1941,2,1,5,22,0.0
1942,2,1,5,23,0.0
1943,2,1,5,24,0.0
1944,2,1,5,25,0.0
1945,2,1,5,26,0.0
1946,2,1,5,27,0.0
1947,2,1,5,28,0.0
1948,2,1,5,29,0.0
1949,2,1,5,30,0.0
1950,2,1,6,1,0.0
1951,2,1,6,2,0.0
1952,2,1,6,3,0.0
1953,2,1,6,4,0.0
1954,2,1,6,5,0.0
1955,2,1,6,6,0.0
1956,2,1,6,7,0.0
1957,2,1,6,8,0.0
1958,2,1,6,9,0.0
1959,2,1,6,10,0.0
1960,2,1,6,11,0.0
1961,2,1,6,12,0.0
1962,2,1,6,13,0.0
1963,2,1,6,14,0.0
1964,2,1,6,15,0.0
1965,2,1,6,16,0.0
1966,2,1,6,17,0.0
1967,2,1,6,18,0.0
1968,2,1,6,19,0.0
1969,2,1,6,20,0.0
1970,2,1,6,21,0.0
1971,2,1,6,22,0.0
1972,2,1,6,23,0.0
1973,2,1,6,24,0.0
1974,2,1,6,25,0.0
1975,2,1,6,26,0.0
1976,2,1,6,27,0.0
1977,2,1,6,28,0.0
1978,2,1,6,29,0.0
1979,2,1,6,30,0.0
1980,2,1,7,1,0.0
1981,2,1,7,2,0.0
1982,2,1,7,3,0.0
1983,2,1,7,4,0.0
1984,2,1,7,5,0.0
1985,2,1,7,6,0.0
1986,2,1,7,7,0.0
1987,2,1,7,8,0.0
1988,2,1,7,9,0.0
1989,2,1,7,10,0.0
1990,2,1,7,11,0.0
1991,2,1,7,12,0.0
1992,2,1,7,13,0.0
1993,2,1,7,14,0.0
1994,2,1,7,15,0.0
1995,2,1,7,16,0.0
1996,2,1,7,17,0.0
1997,2,1,7,18,0.0
1998,2,1,7,19,0.0
1999,2,1,7,20,0.0
2000,2,1,7,21,0.0
2001,2,1,7,22,0.0
2002,2,1,7,23,0.0
2003,2,1,7,24,0.0
2004,2,1,7,25,0.0
2005,2,1,7,26,0.0
2006,2,1,7,27,0.0
2007,2,1,7,28,0.0
2008,2,1,7,29,0.0
2009,2,1,7,30,0.0
2010,2,1,8,1,0.0
2011,2,1,8,2,0.0
2012,2,1,8,3,0.0
2013,2,1,8,4,0.0
2014,2,1,8,5,0.0
2015,2,1,8,6,0.0
2016,2,1,8,7,0.0
2017,2,1,8,8,0.0
2018,2,1,8,9,0.0
2019,2,1,8,10,0.0
2020,2,1,8,11,0.0
2021,2,1,8,12,0.0
2022,2,1,8,13,0.0
2023,2,1,8,14,0.0
2024,2,1,8,15,0.0
2025,2,1,8,16,0.0
2026,2,1,8,17,0.0
2027,2,1,8,18,0.0
2028,2,1,8,19,0.0
2029,2,1,8,20,0.0
2030,2,1,8,21,0.0
2031,2,1,8,22,0.0
2032,2,1,8,23,0.0
2033,2,1,8,24,0.0
2034,2,1,8,25,0.0
2035,2,1,8,26,0.0
2036,2,1,8,27,0.0
2037,2,1,8,28,0.0
2038,2,1,8,29,0.0
2039,2,1,8,30,0.0
2040,2,1,9,1,0.0
2041,2,1,9,2,0.0
2042,2,1,9,3,0.0
2043,2,1,9,4,0.0
2044,2,1,9,5,0.0
2045,2,1,9,6,0.0
2046,2,1,9,7,0.0
2047,2,1,9,8,0.0
2048,2,1,9,9,0.0
2049,2,1,9,10,0.0
2050,2,1,9,11,0.0
2051,2,1,9,12,0.0
2052,2,1,9,13,0.0
2053,2,1,9,14,0.0
2054,2,1,9,15,0.0
2055,2,1,9,16,0.0
2056,2,1,9,17,0.0
2057,2,1,9,18,0.0
2058,2,1,9,19,0.0
2059,2,1,9,20,0.0
2060,2,1,9,21,0.0
2061,2,1,9,22,0.0
2062,2,1,9,23,0.0
2063,2,1,9,24,0.0
2064,2,1,9,25,0.0
2065,2,1,9,26,0.0
2066,2,1,9,27,0.0
2067,2,1,9,28,0.0
2068,2,1,9,29,0.0
2069,2,1,9,30,0.0
2070,2,1,10,1,0.0
2071,2,1,10,2,0.0
2072,2,1,10,3,0.0
2073,2,1,10,4,0.0
2074,2,1,10,5,0.0
2075,2,1,10,6,0.0
2076,2,1,10,7,0.0
2077,2,1,10,8,0.0
2078,2,1,10,9,0.0
2079,2,1,10,10,0.0
2080,2,1,10,11,0.0
2081,2,1,10,12,0.0
2082,2,1,10,13,0.0
2083,2,1,10,14,0.0
2084,2,1,10,15,0.0
2085,2,1,10,16,0.0
2086,2,1,10,17,0.0
2087,2,1,10,18,0.0
2088,2,1,10,19,0.0
2089,2,1,10,20,0.0
2090,2,1,10,21,0.0
2091,2,1,10,22,0.0
2092,2,1,10,23,0.0
2093,2,1,10,24,0.0
2094,2,1,10,25,0.0
2095,2,1,10,26,0.0
2096,2,1,10,27,0.0
2097,2,1,10,28,0.0
2098,2,1,10,29,0.0
2099,2,1,10,30,0.0
2100,2,1,11,1,0.0
2101,2,1,11,2,0.0
2102,2,1,11,3,0.0
2103,2,1,11,4,0.0
2104,2,1,11,5,0.0
2105,2,1,11,6,0.0
2106,2,1,11,7,0.0
2107,2,1,11,8,0.0
2108,2,1,11,9,0.0
2109,2,1,11,10,0.0
2110,2,1,11,11,0.0
2111,2,1,11,12,0.0
2112,2,1,11,13,0.0
2113,2,1,11,14,0.0
2114,2,1,11,15,0.0
2115,2,1,11,16,0.0
2116,2,1,11,17,0.0
2117,2,1,11,18,0.0
2118,2,1,11,19,0.0
2119,2,1,11,20,0.0
2120,2,1,11,21,0.0
2121,2,1,11,22,0.0
2122,2,1,11,23,0.0
2123,2,1,11,24,0.0
2124,2,1,11,25,0.0
2125,2,1,11,26,0.0
2126,2,1,11,27,0.0
2127,2,1,11,28,0.0
2128,2,1,11,29,0.0
2129,2,1,11,30,0.0
2130,2,1,12,1,0.0
2131,2,1,12,2,0.0
2132,2,1,12,3,0.0
2133,2,1,12,4,0.0
2134,2,1,12,5,0.0
2135,2,1,12,6,0.0
2136,2,1,12,7,0.0
2137,2,1,12,8,0.0
2138,2,1,12,9,0.0
2139,2,1,12,10,0.0
2140,2,1,12,11,0.0
2141,2,1,12,12,0.0
2142,2,1,12,13,0.0
2143,2,1,12,14,0.0
2144,2,1,12,15,0.0
2145,2,1,12,16,0.0
2146,2,1,12,17,0.0
2147,2,1,12,18,0.0
2148,2,1,12,19,0.0
2149,2,1,12,20,0.0
2150,2,1,12,21,0.0
2151,2,1,12,22,0.0
2152,2,1,12,23,0.0
2153,2,1,12,24,0.0
2154,2,1,12,25,0.0
2155,2,1,12,26,0.0
2156,2,1,12,27,0.0
2157,2,1,12,28,0.0
2158,2,1,12,29,0.0
2159,2,1,12,30,0.0
2160,2,1,13,1,0.0
2161,2,1,13,2,0.0
2162,2,1,13,3,0.0
2163,2,1,13,4,0.0
2164,2,1,13,5,0.0
2165,2,1,13,6,0.0
2166,2,1,13,7,0.0
2167,2,1,13,8,0.0
2168,2,1,13,9,0.0
2169,2,1,13,10,0.0
2170,2,1,13,11,0.0
2171,2,1,13,12,0.0
2172,2,1,13,13,0.0
2173,2,1,13,14,0.0
2174,2,1,13,15,0.0
2175,2,1,13,16,0.0
2176,2,1,13,17,0.0
2177,2,1,13,18,0.0
2178,2,1,13,19,0.0
2179,2,1,13,20,0.0
2180,2,1,13,21,0.0
2181,2,1,13,22,0.0
2182,2,1,13,23,0.0
2183,2,1,13,24,0.0
2184,2,1,13,25,0.0
2185,2,1,13,26,0.0
2186,2,1,13,27,0.0
2187,2,1,13,28,0.0
2188,2,1,13,29,0.0
2189,2,1,13,30,0.0
2190,2,1,14,1,0.0
2191,2,1,14,2,0.0
2192,2,1,14,3,0.0
2193,2,1,14,4,0.0
2194,2,1,14,5,0.0
2195,2,1,14,6,0.0
2196,2,1,14,7,0.0
2197,2,1,14,8,0.0
2198,2,1,14,9,0.0
2199,2,1,14,10,0.0
2200,2,1,14,11,0.0
2201,2,1,14,12,0.0
2202,2,1,14,13,0.0
2203,2,1,14,14,0.0
2204,2,1,14,15,0.0
2205,2,1,14,16,0.0
2206,2,1,14,17,0.0
2207,2,1,14,18,0.0
2208,2,1,14,19,0.0
2209,2,1,14,20,0.0
2210,2,1,14,21,0.0
2211,2,1,14,22,0.0
2212,2,1,14,23,0.0
2213,2,1,14,24,0.0
2214,2,1,14,25,0.0
2215,2,1,14,26,0.0
2216,2,1,14,27,0.0
2217,2,1,14,28,0.0
2218,2,1,14,29,0.0
2219,2,1,14,30,0.0
2220,2,1,15,1,0.0
2221,2,1,15,2,0.0
2222,2,1,15,3,0.0
2223,2,1,15,4,0.0
2224,2,1,15,5,0.0
2225,2,1,15,6,0.0
2226,2,1,15,7,0.0
2227,2,1,15,8,0.0
2228,2,1,15,9,0.0
2229,2,1,15,10,0.0
2230,2,1,15,11,0.0
2231,2,1,15,12,0.0
2232,2,1,15,13,0.0
2233,2,1,15,14,0.0
2234,2,1,15,15,0.0
2235,2,1,15,16,0.0
2236,2,1,15,17,0.0
2237,2,1,15,18,0.0
2238,2,1,15,19,0.0
2239,2,1,15,20,0.0
2240,2,1,15,21,0.0
2241,2,1,15,22,0.0
2242,2,1,15,23,0.0
2243,2,1,15,24,0.0
2244,2,1,15,25,0.0
2245,2,1,15,26,0.0
2246,2,1,15,27,0.0
2247,2,1,15,28,0.0
2248,2,1,15,29,0.0
2249,2,1,15,30,0.0
2250,2,2,1,1,0.0
2251,2,2,1,2,0.0
2252,2,2,1,3,0.0
2253,2,2,1,4,0.0
2254,2,2,1,5,0.0
2255,2,2,1,6,0.0
2256,2,2,1,7,0.0
2257,2,2,1,8,0.0
2258,2,2,1,9,0.0
2259,2,2,1,10,0.0
2260,2,2,1,11,0.0
2261,2,2,1,12,0.0
2262,2,2,1,13,0.0
2263,2,2,1,14,0.0
2264,2,2,1,15,0.0
2265,2,2,1,16,0.0
2266,2,2,1,17,0.0
2267,2,2,1,18,0.0
2268,2,2,1,19,0.0
2269,2,2,1,20,0.0
2270,2,2,1,21,0.0
2271,2,2,1,22,0.0
2272,2,2,1,23,0.0
2273,2,2,1,24,0.0
2274,2,2,1,25,0.0
2275,2,2,1,26,0.0
2276,2,2,1,27,0.0
2277,2,2,1,28,0.0
2278,2,2,1,29,0.0
2279,2,2,1,30,0.0
2280,2,2,2,1,0.0
2281,2,2,2,2,0.0
2282,2,2,2,3,0.0
2283,2,2,2,4,0.0
2284,2,2,2,5,0.0
2285,2,2,2,6,0.0
2286,2,2,2,7,0.0
2287,2,2,2,8,0.0
2288,2,2,2,9,0.0
2289,2,2,2,10,0.0
2290,2,2,2,11,0.0
2291,2,2,2,12,0.0
2292,2,2,2,13,0.0
2293,2,2,2,14,0.0
2294,2,2,2,15,0.0
2295,2,2,2,16,0.0
2296,2,2,2,17,0.0
2297,2,2,2,18,0.0
2298,2,2,2,19,0.0
2299,2,2,2,20,0.0
2300,2,2,2,21,0.0
2301,2,2,2,22,0.0
2302,2,2,2,23,0.0
2303,2,2,2,24,0.0
2304,2,2,2,25,0.0
2305,2,2,2,26,0.0
2306,2,2,2,27,0.0
2307,2,2,2,28,0.0
2308,2,2,2,29,0.0
2309,2,2,2,30,0.0
2310,2,2,3,1,0.0
2311,2,2,3,2,0.0
2312,2,2,3,3,0.0
2313,2,2,3,4,0.0
2314,2,2,3,5,0.0
2315,2,2,3,6,0.0
2316,2,2,3,7,0.0
2317,2,2,3,8,0.0
2318,2,2,3,9,0.0
2319,2,2,3,10,0.0
2320,2,2,3,11,0.0
2321,2,2,3,12,0.0
2322,2,2,3,13,0.0
2323,2,2,3,14,0.0
2324,2,2,3,15,0.0
2325,2,2,3,16,0.0
2326,2,2,3,17,0.0
2327,2,2,3,18,0.0
2328,2,2,3,19,0.0
2329,2,2,3,20,0.0
2330,2,2,3,21,0.0
2331,2,2,3,22,0.0
2332,2,2,3,23,0.0
2333,2,2,3,24,0.0
2334,2,2,3,25,0.0
2335,2,2,3,26,0.0
2336,2,2,3,27,0.0
2337,2,2,3,28,0.0
2338,2,2,3,29,0.0
2339,2,2,3,30,0.0
2340,2,2,4,1,0.0
2341,2,2,4,2,0.0
2342,2,2,4,3,0.0
2343,2,2,4,4,0.0
2344,2,2,4,5,0.0
2345,2,2,4,6,0.0
2346,2,2,4,7,0.0
2347,2,2,4,8,0.0
2348,2,2,4,9,0.0
2349,2,2,4,10,0.0
2350,2,2,4,11,0.0
2351,2,2,4,12,0.0
2352,2,2,4,13,0.0
2353,2,2,4,14,0.0
2354,2,2,4,15,0.0
2355,2,2,4,16,0.0
2356,2,2,4,17,0.0
2357,2,2,4,18,0.0
2358,2,2,4,19,0.0
2359,2,2,4,20,0.0
2360,2,2,4,21,0.0
2361,2,2,4,22,0.0
2362,2,2,4,23,0.0
2363,2,2,4,24,0.0
2364,2,2,4,25,0.0
2365,2,2,4,26,0.0
2366,2,2,4,27,0.0
2367,2,2,4,28,0.0
2368,2,2,4,29,0.0
2369,2,2,4,30,0.0
2370,2,2,5,1,0.0
2371,2,2,5,2,0.0
2372,2,2,5,3,0.0
2373,2,2,5,4,0.0
2374,2,2,5,5,0.0
2375,2,2,5,6,0.0
2376,2,2,5,7,0.0
2377,2,2,5,8,0.0
2378,2,2,5,9,0.0
2379,2,2,5,10,0.0
2380,2,2,5,11,0.0
2381,2,2,5,12,0.0
2382,2,2,5,13,0.0
2383,2,2,5,14,0.0
2384,2,2,5,15,0.0
2385,2,2,5,16,0.0
2386,2,2,5,17,0.0
2387,2,2,5,18,0.0
2388,2,2,5,19,0.0
2389,2,2,5,20,0.0
2390,2,2,5,21,0.0
2391,2,2,5,22,0.0
2392,2,2,5,23,0.0
2393,2,2,5,24,0.0
2394,2,2,5,25,0.0
2395,2,2,5,26,0.0
2396,2,2,5,27,0.0
2397,2,2,5,28,0.0
2398,2,2,5,29,0.0
2399,2,2,5,30,0.0
2400,2,2,6,1,0.0
2401,2,2,6,2,0.0
2402,2,2,6,3,0.0
2403,2,2,6,4,0.0
2404,2,2,6,5,0.0
2405,2,2,6,6,0.0
2406,2,2,6,7,0.0
2407,2,2,6,8,0.0
2408,2,2,6,9,0.0
2409,2,2,6,10,0.0
2410,2,2,6,11,0.0
2411,2,2,6,12,0.0
2412,2,2,6,13,0.0
2413,2,2,6,14,0.0
2414,2,2,6,15,0.0
2415,2,2,6,16,0.0
2416,2,2,6,17,0.0
2417,2,2,6,18,0.0
2418,2,2,6,19,0.0
2419,2,2,6,20,0.0
2420,2,2,6,21,0.0
2421,2,2,6,22,0.0
2422,2,2,6,23,0.0
2423,2,2,6,24,0.0
2424,2,2,6,25,0.0
2425,2,2,6,26,0.0
2426,2,2,6,27,0.0
2427,2,2,6,28,0.0
2428,2,2,6,29,0.0
2429,2,2,6,30,0.0
2430,2,2,7,1,0.0
2431,2,2,7,2,0.0
2432,2,2,7,3,0.0
2433,2,2,7,4,0.0
2434,2,2,7,5,0.0
2435,2,2,7,6,0.0
2436,2,2,7,7,0.0
2437,2,2,7,8,0.0
2438,2,2,7,9,0.0
2439,2,2,7,10,0.0
2440,2,2,7,11,0.0
2441,2,2,7,12,0.0
2442,2,2,7,13,0.0
2443,2,2,7,14,0.0
2444,2,2,7,15,0.0
2445,2,2,7,16,0.0
2446,2,2,7,17,0.0
2447,2,2,7,18,0.0
2448,2,2,7,19,0.0
2449,2,2,7,20,0.0
2450,2,2,7,21,0.0
2451,2,2,7,22,0.0
2452,2,2,7,23,0.0
2453,2,2,7,24,0.0
2454,2,2,7,25,0.0
2455,2,2,7,26,0.0
2456,2,2,7,27,0.0
2457,2,2,7,28,0.0
2458,2,2,7,29,0.0
2459,2,2,7,30,0.0
2460,2,2,8,1,0.0
2461,2,2,8,2,0.0
2462,2,2,8,3,0.0
2463,2,2,8,4,0.0
2464,2,2,8,5,0.0
2465,2,2,8,6,0.0
2466,2,2,8,7,0.0
2467,2,2,8,8,0.0
2468,2,2,8,9,0.0
2469,2,2,8,10,0.0
2470,2,2,8,11,0.0
2471,2,2,8,12,0.0
2472,2,2,8,13,0.0
2473,2,2,8,14,0.0
2474,2,2,8,15,0.0
2475,2,2,8,16,0.0
2476,2,2,8,17,0.0
2477,2,2,8,18,0.0
2478,2,2,8,19,0.0
2479,2,2,8,20,0.0
2480,2,2,8,21,0.0
2481,2,2,8,22,0.0
2482,2,2,8,23,0.0
2483,2,2,8,24,0.0
2484,2,2,8,25,0.0
2485,2,2,8,26,0.0
2486,2,2,8,27,0.0
2487,2,2,8,28,0.0
2488,2,2,8,29,0.0
2489,2,2,8,30,0.0
2490,2,2,9,1,0.0
2491,2,2,9,2,0.0
2492,2,2,9,3,0.0
2493,2,2,9,4,0.0
2494,2,2,9,5,0.0
2495,2,2,9,6,0.0
2496,2,2,9,7,0.0
2497,2,2,9,8,0.0
2498,2,2,9,9,0.0
2499,2,2,9,10,0.0
2500,2,2,9,11,0.0
2501,2,2,9,12,0.0
2502,2,2,9,13,0.0
2503,2,2,9,14,0.0
2504,2,2,9,15,0.0
2505,2,2,9,16,0.0
2506,2,2,9,17,0.0
2507,2,2,9,18,0.0
2508,2,2,9,19,0.0
2509,2,2,9,20,0.0
2510,2,2,9,21,0.0
2511,2,2,9,22,0.0
2512,2,2,9,23,0.0
2513,2,2,9,24,0.0
2514,2,2,9,25,0.0
2515,2,2,9,26,0.0
2516,2,2,9,27,0.0
2517,2,2,9,28,0.0
2518,2,2,9,29,0.0
2519,2,2,9,30,0.0
2520,2,2,10,1,0.0
2521,2,2,10,2,0.0
2522,2,2,10,3,0.0
2523,2,2,10,4,0.0
2524,2,2,10,5,0.0
2525,2,2,10,6,0.0
2526,2,2,10,7,0.0
2527,2,2,10,8,0.0
2528,2,2,10,9,0.0
2529,2,2,10,10,0.0
2530,2,2,10,11,0.0
2531,2,2,10,12,0.0
2532,2,2,10,13,0.0
2533,2,2,10,14,0.0
2534,2,2,10,15,0.0
2535,2,2,10,16,0.0
2536,2,2,10,17,0.0
2537,2,2,10,18,0.0
2538,2,2,10,19,0.0
2539,2,2,10,20,0.0
2540,2,2,10,21,0.0
2541,2,2,10,22,0.0
2542,2,2,10,23,0.0
2543,2,2,10,24,0.0
2544,2,2,10,25,0.0
2545,2,2,10,26,0.0
2546,2,2,10,27,0.0
2547,2,2,10,28,0.0
2548,2,2,10,29,0.0
2549,2,2,10,30,0.0
2550,2,2,11,1,0.0
2551,2,2,11,2,0.0
2552,2,2,11,3,0.0
2553,2,2,11,4,0.0
2554,2,2,11,5,0.0
2555,2,2,11,6,0.0
2556,2,2,11,7,0.0
2557,2,2,11,8,0.0
2558,2,2,11,9,0.0
2559,2,2,11,10,0.0
2560,2,2,11,11,0.0
2561,2,2,11,12,0.0
2562,2,2,11,13,0.0
2563,2,2,11,14,0.0
2564,2,2,11,15,0.0
2565,2,2,11,16,0.0
2566,2,2,11,17,0.0
2567,2,2,11,18,0.0
2568,2,2,11,19,0.0
2569,2,2,11,20,0.0
2570,2,2,11,21,0.0
2571,2,2,11,22,0.0
2572,2,2,11,23,0.0
2573,2,2,11,24,0.0
2574,2,2,11,25,0.0
2575,2,2,11,26,0.0
2576,2,2,11,27,0.0
2577,2,2,11,28,0.0
2578,2,2,11,29,0.0
2579,2,2,11,30,0.0
2580,2,2,12,1,0.0
2581,2,2,12,2,0.0
2582,2,2,12,3,0.0
2583,2,2,12,4,0.0
2584,2,2,12,5,0.0
2585,2,2,12,6,0.0
2586,2,2,12,7,0.0
2587,2,2,12,8,0.0
2588,2,2,12,9,0.0
2589,2,2,12,10,0.0
2590,2,2,12,11,0.0
2591,2,2,12,12,0.0
2592,2,2,12,13,0.0
2593,2,2,12,14,0.0
2594,2,2,12,15,0.0
2595,2,2,12,16,0.0
2596,2,2,12,17,0.0
2597,2,2,12,18,0.0
2598,2,2,12,19,0.0
2599,2,2,12,20,0.0
2600,2,2,12,21,0.0
2601,2,2,12,22,0.0
2602,2,2,12,23,0.0
2603,2,2,12,24,0.0
2604,2,2,12,25,0.0
2605,2,2,12,26,0.0
2606,2,2,12,27,0.0
2607,2,2,12,28,0.0
2608,2,2,12,29,0.0
2609,2,2,12,30,0.0
2610,2,2,13,1,0.0
2611,2,2,13,2,0.0
2612,2,2,13,3,0.0
2613,2,2,13,4,0.0
2614,2,2,13,5,0.0
2615,2,2,13,6,0.0
2616,2,2,13,7,0.0
2617,2,2,13,8,0.0
2618,2,2,13,9,0.0
2619,2,2,13,10,0.0
2620,2,2,13,11,0.0
2621,2,2,13,12,0.0
2622,2,2,13,13,0.0
2623,2,2,13,14,0.0
2624,2,2,13,15,0.0
2625,2,2,13,16,0.0
2626,2,2,13,17,0.0
2627,2,2,13,18,0.0
2628,2,2,13,19,0.0
2629,2,2,13,20,0.0
2630,2,2,13,21,0.0
2631,2,2,13,22,0.0
2632,2,2,13,23,0.0
2633,2,2,13,24,0.0
2634,2,2,13,25,0.0
2635,2,2,13,26,0.0
2636,2,2,13,27,0.0
2637,2,2,13,28,0.0
2638,2,2,13,29,0.0
2639,2,2,13,30,0.0
2640,2,2,14,1,0.0
2641,2,2,14,2,0.0
2642,2,2,14,3,0.0
2643,2,2,14,4,0.0
2644,2,2,14,5,0.0
2645,2,2,14,6,0.0
2646,2,2,14,7,0.0
2647,2,2,14,8,0.0
2648,2,2,14,9,0.0
2649,2,2,14,10,0.0
2650,2,2,14,11,0.0
2651,2,2,14,12,0.0
2652,2,2,14,13,0.0
2653,2,2,14,14,0.0
2654,2,2,14,15,0.0
2655,2,2,14,16,0.0
2656,2,2,14,17,0.0
2657,2,2,14,18,0.0
2658,2,2,14,19,0.0
2659,2,2,14,20,0.0
2660,2,2,14,21,0.0
2661,2,2,14,22,0.0
2662,2,2,14,23,0.0
2663,2,2,14,24,0.0
2664,2,2,14,25,0.0
2665,2,2,14,26,0.0
2666,2,2,14,27,0.0
2667,2,2,14,28,0.0
2668,2,2,14,29,0.0
2669,2,2,14,30,0.0
2670,2,2,15,1,0.0
2671,2,2,15,2,0.0
2672,2,2,15,3,0.0
2673,2,2,15,4,0.0
2674,2,2,15,5,0.0
2675,2,2,15,6,0.0
2676,2,2,15,7,0.0
2677,2,2,15,8,0.0
2678,2,2,15,9,0.0
2679,2,2,15,10,0.0
2680,2,2,15,11,0.0
2681,2,2,15,12,0.0
2682,2,2,15,13,0.0
2683,2,2,15,14,0.0
2684,2,2,15,15,0.0
2685,2,2,15,16,0.0
2686,2,2,15,17,0.0
2687,2,2,15,18,0.0
2688,2,2,15,19,0.0
2689,2,2,15,20,0.0
2690,2,2,15,21,0.0
2691,2,2,15,22,0.0
2692,2,2,15,23,0.0
2693,2,2,15,24,0.0
2694,2,2,15,25,0.0
2695,2,2,15,26,0.0
2696,2,2,15,27,0.0
2697,2,2,15,28,0.0
2698,2,2,15,29,0.0
2699,2,2,15,30,0.0
2700,2,3,1,1,0.0
2701,2,3,1,2,0.0
2702,2,3,1,3,0.0
2703,2,3,1,4,0.0
2704,2,3,1,5,0.0
2705,2,3,1,6,0.0
2706,2,3,1,7,0.0
2707,2,3,1,8,0.0
2708,2,3,1,9,0.0
2709,2,3,1,10,0.0
2710,2,3,1,11,0.0
2711,2,3,1,12,0.0
2712,2,3,1,13,0.0
2713,2,3,1,14,0.0
2714,2,3,1,15,0.0
2715,2,3,1,16,0.0
2716,2,3,1,17,0.0
2717,2,3,1,18,0.0
2718,2,3,1,19,0.0
2719,2,3,1,20,0.0
2720,2,3,1,21,0.0
2721,2,3,1,22,0.0
2722,2,3,1,23,0.0
2723,2,3,1,24,0.0
2724,2,3,1,25,0.0
2725,2,3,1,26,0.0
2726,2,3,1,27,0.0
2727,2,3,1,28,0.0
2728,2,3,1,29,0.0
2729,2,3,1,30,0.0
2730,2,3,2,1,0.0
2731,2,3,2,2,0.0
2732,2,3,2,3,0.0
2733,2,3,2,4,0.0
2734,2,3,2,5,0.0
2735,2,3,2,6,0.0
2736,2,3,2,7,0.0
2737,2,3,2,8,0.0
2738,2,3,2,9,0.0
2739,2,3,2,10,0.0
2740,2,3,2,11,0.0
2741,2,3,2,12,0.0
2742,2,3,2,13,0.0
2743,2,3,2,14,0.0
2744,2,3,2,15,0.0
2745,2,3,2,16,0.0
2746,2,3,2,17,0.0
2747,2,3,2,18,0.0
2748,2,3,2,19,0.0
2749,2,3,2,20,0.0
2750,2,3,2,21,0.0
2751,2,3,2,22,0.0
2752,2,3,2,23,0.0
2753,2,3,2,24,0.0
2754,2,3,2,25,0.0
2755,2,3,2,26,0.0
2756,2,3,2,27,0.0
2757,2,3,2,28,0.0
2758,2,3,2,29,0.0
2759,2,3,2,30,0.0
2760,2,3,3,1,0.0
2761,2,3,3,2,0.0
2762,2,3,3,3,0.0
2763,2,3,3,4,0.0
2764,2,3,3,5,0.0
2765,2,3,3,6,0.0
2766,2,3,3,7,0.0
2767,2,3,3,8,0.0
2768,2,3,3,9,0.0
2769,2,3,3,10,0.0
2770,2,3,3,11,0.0
2771,2,3,3,12,0.0
2772,2,3,3,13,0.0
2773,2,3,3,14,0.0
2774,2,3,3,15,0.0
2775,2,3,3,16,0.0
2776,2,3,3,17,0.0
2777,2,3,3,18,0.0
2778,2,3,3,19,0.0
2779,2,3,3,20,0.0
2780,2,3,3,21,0.0
2781,2,3,3,22,0.0
2782,2,3,3,23,0.0
2783,2,3,3,24,0.0
2784,2,3,3,25,0.0
2785,2,3,3,26,0.0
2786,2,3,3,27,0.0
2787,2,3,3,28,0.0
2788,2,3,3,29,0.0
2789,2,3,3,30,0.0
2790,2,3,4,1,0.0
2791,2,3,4,2,0.0
2792,2,3,4,3,0.0
2793,2,3,4,4,0.0
2794,2,3,4,5,0.0
2795,2,3,4,6,0.0
2796,2,3,4,7,0.0
2797,2,3,4,8,0.0
2798,2,3,4,9,0.0
2799,2,3,4,10,0.0
2800,2,3,4,11,0.0
2801,2,3,4,12,0.0
2802,2,3,4,13,0.0
2803,2,3,4,14,0.0
2804,2,3,4,15,0.0
2805,2,3,4,16,0.0
2806,2,3,4,17,0.0
2807,2,3,4,18,0.0
2808,2,3,4,19,0.0
2809,2,3,4,20,0.0
2810,2,3,4,21,0.0
2811,2,3,4,22,0.0
2812,2,3,4,23,0.0
2813,2,3,4,24,0.0
2814,2,3,4,25,0.0
2815,2,3,4,26,0.0
2816,2,3,4,27,0.0
2817,2,3,4,28,0.0
2818,2,3,4,29,0.0
2819,2,3,4,30,0.0
2820,2,3,5,1,0.0
2821,2,3,5,2,0.0
2822,2,3,5,3,0.0
2823,2,3,5,4,0.0
2824,2,3,5,5,0.0
2825,2,3,5,6,0.0
2826,2,3,5,7,0.0
2827,2,3,5,8,0.0
2828,2,3,5,9,0.0
2829,2,3,5,10,0.0
2830,2,3,5,11,0.0
2831,2,3,5,12,0.0
2832,2,3,5,13,0.0
2833,2,3,5,14,0.0
2834,2,3,5,15,0.0
2835,2,3,5,16,0.0
2836,2,3,5,17,0.0
2837,2,3,5,18,0.0
2838,2,3,5,19,0.0
2839,2,3,5,20,0.0
2840,2,3,5,21,0.0
2841,2,3,5,22,0.0
2842,2,3,5,23,0.0
2843,2,3,5,24,0.0
2844,2,3,5,25,0.0
2845,2,3,5,26,0.0
2846,2,3,5,27,0.0
2847,2,3,5,28,0.0
2848,2,3,5,29,0.0
2849,2,3,5,30,0.0
2850,2,3,6,1,0.0
2851,2,3,6,2,0.0
2852,2,3,6,3,0.0
2853,2,3,6,4,0.0
2854,2,3,6,5,0.0
2855,2,3,6,6,0.0
2856,2,3,6,7,0.0
2857,2,3,6,8,0.0
2858,2,3,6,9,0.0
2859,2,3,6,10,0.0
2860,2,3,6,11,0.0
2861,2,3,6,12,0.0
2862,2,3,6,13,0.0
2863,2,3,6,14,0.0
2864,2,3,6,15,0.0
2865,2,3,6,16,0.0
2866,2,3,6,17,0.0
2867,2,3,6,18,0.0
2868,2,3,6,19,0.0
2869,2,3,6,20,0.0
2870,2,3,6,21,0.0
2871,2,3,6,22,0.0
2872,2,3,6,23,0.0
2873,2,3,6,24,0.0
2874,2,3,6,25,0.0
2875,2,3,6,26,0.0
2876,2,3,6,27,0.0
2877,2,3,6,28,0.0
2878,2,3,6,29,0.0
2879,2,3,6,30,0.0
2880,2,3,7,1,0.0
2881,2,3,7,2,0.0
2882,2,3,7,3,0.0
2883,2,3,7,4,0.0
2884,2,3,7,5,0.0
2885,2,3,7,6,0.0
2886,2,3,7,7,0.0
2887,2,3,7,8,0.0
2888,2,3,7,9,0.0
2889,2,3,7,10,0.0
2890,2,3,7,11,0.0
2891,2,3,7,12,0.0
2892,2,3,7,13,0.0
2893,2,3,7,14,0.0
2894,2,3,7,15,0.0
2895,2,3,7,16,0.0
2896,2,3,7,17,0.0
2897,2,3,7,18,0.0
2898,2,3,7,19,0.0
2899,2,3,7,20,0.0
2900,2,3,7,21,0.0
2901,2,3,7,22,0.0
2902,2,3,7,23,0.0
2903,2,3,7,24,0.0
2904,2,3,7,25,0.0
2905,2,3,7,26,0.0
2906,2,3,7,27,0.0
2907,2,3,7,28,0.0
2908,2,3,7,29,0.0
2909,2,3,7,30,0.0
2910,2,3,8,1,0.0
2911,2,3,8,2,0.0
2912,2,3,8,3,0.0
2913,2,3,8,4,0.0
2914,2,3,8,5,0.0
2915,2,3,8,6,0.0
2916,2,3,8,7,0.0
2917,2,3,8,8,0.0
2918,2,3,8,9,0.0
2919,2,3,8,10,0.0
2920,2,3,8,11,0.0
2921,2,3,8,12,0.0
2922,2,3,8,13,0.0
2923,2,3,8,14,0.0
2924,2,3,8,15,0.0
2925,2,3,8,16,0.0
2926,2,3,8,17,0.0
2927,2,3,8,18,0.0
2928,2,3,8,19,0.0
2929,2,3,8,20,0.0
2930,2,3,8,21,0.0
2931,2,3,8,22,0.0
2932,2,3,8,23,0.0
2933,2,3,8,24,0.0
2934,2,3,8,25,0.0
2935,2,3,8,26,0.0
2936,2,3,8,27,0.0
2937,2,3,8,28,0.0
2938,2,3,8,29,0.0
2939,2,3,8,30,0.0
2940,2,3,9,1,0.0
2941,2,3,9,2,0.0
2942,2,3,9,3,0.0
2943,2,3,9,4,0.0
2944,2,3,9,5,0.0
2945,2,3,9,6,0.0
2946,2,3,9,7,0.0
2947,2,3,9,8,0.0
2948,2,3,9,9,0.0
2949,2,3,9,10,0.0
2950,2,3,9,11,0.0
2951,2,3,9,12,0.0
2952,2,3,9,13,0.0
2953,2,3,9,14,0.0
2954,2,3,9,15,0.0
2955,2,3,9,16,0.0
2956,2,3,9,17,0.0
2957,2,3,9,18,0.0
2958,2,3,9,19,0.0
2959,2,3,9,20,0.0
2960,2,3,9,21,0.0
2961,2,3,9,22,0.0
2962,2,3,9,23,0.0
2963,2,3,9,24,0.0
2964,2,3,9,25,0.0
2965,2,3,9,26,0.0
2966,2,3,9,27,0.0
2967,2,3,9,28,0.0
2968,2,3,9,29,0.0
2969,2,3,9,30,0.0
2970,2,3,10,1,0.0
2971,2,3,10,2,0.0
2972,2,3,10,3,0.0
2973,2,3,10,4,0.0
2974,2,3,10,5,0.0
2975,2,3,10,6,0.0
2976,2,3,10,7,0.0
2977,2,3,10,8,0.0
2978,2,3,10,9,0.0
2979,2,3,10,10,0.0
2980,2,3,10,11,0.0
2981,2,3,10,12,0.0
2982,2,3,10,13,0.0
2983,2,3,10,14,0.0
2984,2,3,10,15,0.0
2985,2,3,10,16,0.0
2986,2,3,10,17,0.0
2987,2,3,10,18,0.0
2988,2,3,10,19,0.0
2989,2,3,10,20,0.0
2990,2,3,10,21,0.0
2991,2,3,10,22,0.0
2992,2,3,10,23,0.0
2993,2,3,10,24,0.0
2994,2,3,10,25,0.0
2995,2,3,10,26,0.0
2996,2,3,10,27,0.0
2997,2,3,10,28,0.0
2998,2,3,10,29,0.0
2999,2,3,10,30,0.0
3000,2,3,11,1,0.0
3001,2,3,11,2,0.0
3002,2,3,11,3,0.0
3003,2,3,11,4,0.0
3004,2,3,11,5,0.0
3005,2,3,11,6,0.0
3006,2,3,11,7,0.0
3007,2,3,11,8,0.0
3008,2,3,11,9,0.0
3009,2,3,11,10,0.0
3010,2,3,11,11,0.0
3011,2,3,11,12,0.0
3012,2,3,11,13,0.0
3013,2,3,11,14,0.0
3014,2,3,11,15,0.0
3015,2,3,11,16,0.0
3016,2,3,11,17,0.0
3017,2,3,11,18,0.0
3018,2,3,11,19,0.0
3019,2,3,11,20,0.0
3020,2,3,11,21,0.0
3021,2,3,11,22,0.0
3022,2,3,11,23,0.0
3023,2,3,11,24,0.0
3024,2,3,11,25,0.0
3025,2,3,11,26,0.0
3026,2,3,11,27,0.0
3027,2,3,11,28,0.0
3028,2,3,11,29,0.0
3029,2,3,11,30,0.0
3030,2,3,12,1,0.0
3031,2,3,12,2,0.0
3032,2,3,12,3,0.0
3033,2,3,12,4,0.0
3034,2,3,12,5,0.0
3035,2,3,12,6,0.0
3036,2,3,12,7,0.0
3037,2,3,12,8,0.0
3038,2,3,12,9,0.0
3039,2,3,12,10,0.0
3040,2,3,12,11,0.0
3041,2,3,12,12,0.0
3042,2,3,12,13,0.0
3043,2,3,12,14,0.0
3044,2,3,12,15,0.0
3045,2,3,12,16,0.0
3046,2,3,12,17,0.0
3047,2,3,12,18,0.0
3048,2,3,12,19,0.0
3049,2,3,12,20,0.0
3050,2,3,12,21,0.0
3051,2,3,12,22,0.0
3052,2,3,12,23,0.0
3053,2,3,12,24,0.0
3054,2,3,12,25,0.0
3055,2,3,12,26,0.0
3056,2,3,12,27,0.0
3057,2,3,12,28,0.0
3058,2,3,12,29,0.0
3059,2,3,12,30,0.0
3060,2,3,13,1,0.0
3061,2,3,13,2,0.0
3062,2,3,13,3,0.0
3063,2,3,13,4,0.0
3064,2,3,13,5,0.0
3065,2,3,13,6,0.0
3066,2,3,13,7,0.0
3067,2,3,13,8,0.0
3068,2,3,13,9,0.0
3069,2,3,13,10,0.0
3070,2,3,13,11,0.0
3071,2,3,13,12,0.0
3072,2,3,13,13,0.0
3073,2,3,13,14,0.0
3074,2,3,13,15,0.0
3075,2,3,13,16,0.0
3076,2,3,13,17,0.0
3077,2,3,13,18,0.0
3078,2,3,13,19,0.0
3079,2,3,13,20,0.0
3080,2,3,13,21,0.0
3081,2,3,13,22,0.0
3082,2,3,13,23,0.0
3083,2,3,13,24,0.0
3084,2,3,13,25,0.0
3085,2,3,13,26,0.0
3086,2,3,13,27,0.0
3087,2,3,13,28,0.0
3088,2,3,13,29,0.0
3089,2,3,13,30,0.0
3090,2,3,14,1,0.0
3091,2,3,14,2,0.0
3092,2,3,14,3,0.0
3093,2,3,14,4,0.0
3094,2,3,14,5,0.0
3095,2,3,14,6,0.0
3096,2,3,14,7,0.0
3097,2,3,14,8,0.0
3098,2,3,14,9,0.0
3099,2,3,14,10,0.0
3100,2,3,14,11,0.0
3101,2,3,14,12,0.0
3102,2,3,14,13,0.0
3103,2,3,14,14,0.0
3104,2,3,14,15,0.0
3105,2,3,14,16,0.0
3106,2,3,14,17,0.0
3107,2,3,14,18,0.0
3108,2,3,14,19,0.0
3109,2,3,14,20,0.0
3110,2,3,14,21,0.0
3111,2,3,14,22,0.0
3112,2,3,14,23,0.0
3113,2,3,14,24,0.0
3114,2,3,14,25,0.0
3115,2,3,14,26,0.0
3116,2,3,14,27,0.0
3117,2,3,14,28,0.0
3118,2,3,14,29,0.0
3119,2,3,14,30,0.0
3120,2,3,15,1,0.0
3121,2,3,15,2,0.0
3122,2,3,15,3,0.0
3123,2,3,15,4,0.0
3124,2,3,15,5,0.0
3125,2,3,15,6,0.0
3126,2,3,15,7,0.0
3127,2,3,15,8,0.0
3128,2,3,15,9,0.0
3129,2,3,15,10,0.0
3130,2,3,15,11,0.0
3131,2,3,15,12,0.0
3132,2,3,15,13,0.0
3133,2,3,15,14,0.0
3134,2,3,15,15,0.0
3135,2,3,15,16,0.0
3136,2,3,15,17,0.0
3137,2,3,15,18,0.0
3138,2,3,15,19,0.0
3139,2,3,15,20,0.0
3140,2,3,15,21,0.0
3141,2,3,15,22,0.0
3142,2,3,15,23,0.0
3143,2,3,15,24,0.0
3144,2,3,15,25,0.0
3145,2,3,15,26,0.0
3146,2,3,15,27,0.0
3147,2,3,15,28,0.0
3148,2,3,15,29,0.0
3149,2,3,15,30,0.0
3150,2,4,1,1,0.0
3151,2,4,1,2,0.0
3152,2,4,1,3,0.0
3153,2,4,1,4,0.0
3154,2,4,1,5,0.0
3155,2,4,1,6,0.0
3156,2,4,1,7,0.0
3157,2,4,1,8,0.0
3158,2,4,1,9,0.0
3159,2,4,1,10,0.0
3160,2,4,1,11,0.0
3161,2,4,1,12,0.0
3162,2,4,1,13,0.0
3163,2,4,1,14,0.0
3164,2,4,1,15,0.0
3165,2,4,1,16,0.0
3166,2,4,1,17,0.0
3167,2,4,1,18,0.0
3168,2,4,1,19,0.0
3169,2,4,1,20,0.0
3170,2,4,1,21,0.0
3171,2,4,1,22,0.0
3172,2,4,1,23,0.0
3173,2,4,1,24,0.0
3174,2,4,1,25,0.0
3175,2,4,1,26,0.0
3176,2,4,1,27,0.0
3177,2,4,1,28,0.0
3178,2,4,1,29,0.0
3179,2,4,1,30,0.0
3180,2,4,2,1,0.0
3181,2,4,2,2,0.0
3182,2,4,2,3,0.0
3183,2,4,2,4,0.0
3184,2,4,2,5,0.0
3185,2,4,2,6,0.0
3186,2,4,2,7,0.0
3187,2,4,2,8,0.0
3188,2,4,2,9,0.0
3189,2,4,2,10,0.0
3190,2,4,2,11,0.0
3191,2,4,2,12,0.0
3192,2,4,2,13,0.0
3193,2,4,2,14,0.0
3194,2,4,2,15,0.0
3195,2,4,2,16,0.0
3196,2,4,2,17,0.0
3197,2,4,2,18,0.0
3198,2,4,2,19,0.0
3199,2,4,2,20,0.0
3200,2,4,2,21,0.0
3201,2,4,2,22,0.0
3202,2,4,2,23,0.0
3203,2,4,2,24,0.0
3204,2,4,2,25,0.0
3205,2,4,2,26,0.0
3206,2,4,2,27,0.0
3207,2,4,2,28,0.0
3208,2,4,2,29,0.0
3209,2,4,2,30,0.0
3210,2,4,3,1,0.0
3211,2,4,3,2,0.0
3212,2,4,3,3,0.0
3213,2,4,3,4,0.0
3214,2,4,3,5,0.0
3215,2,4,3,6,0.0
3216,2,4,3,7,0.0
3217,2,4,3,8,0.0
3218,2,4,3,9,0.0
3219,2,4,3,10,0.0
3220,2,4,3,11,0.0
3221,2,4,3,12,0.0
3222,2,4,3,13,0.0
3223,2,4,3,14,0.0
3224,2,4,3,15,0.0
3225,2,4,3,16,0.0
3226,2,4,3,17,0.0
3227,2,4,3,18,0.0
3228,2,4,3,19,0.0
3229,2,4,3,20,0.0
3230,2,4,3,21,0.0
3231,2,4,3,22,0.0
3232,2,4,3,23,0.0
3233,2,4,3,24,0.0
3234,2,4,3,25,0.0
3235,2,4,3,26,0.0
3236,2,4,3,27,0.0
3237,2,4,3,28,0.0
3238,2,4,3,29,0.0
3239,2,4,3,30,0.0
3240,2,4,4,1,0.0
3241,2,4,4,2,0.0
3242,2,4,4,3,0.0
3243,2,4,4,4,0.0
3244,2,4,4,5,0.0
3245,2,4,4,6,0.0
3246,2,4,4,7,0.0
3247,2,4,4,8,0.0
3248,2,4,4,9,0.0
3249,2,4,4,10,0.0
3250,2,4,4,11,0.0
3251,2,4,4,12,0.0
3252,2,4,4,13,0.0
3253,2,4,4,14,0.0
3254,2,4,4,15,0.0
3255,2,4,4,16,0.0
3256,2,4,4,17,0.0
3257,2,4,4,18,0.0
3258,2,4,4,19,0.0
3259,2,4,4,20,0.0
3260,2,4,4,21,0.0
3261,2,4,4,22,0.0
3262,2,4,4,23,0.0
3263,2,4,4,24,0.0
3264,2,4,4,25,0.0
3265,2,4,4,26,0.0
3266,2,4,4,27,0.0
3267,2,4,4,28,0.0
3268,2,4,4,29,0.0
3269,2,4,4,30,0.0
3270,2,4,5,1,0.0
3271,2,4,5,2,0.0
3272,2,4,5,3,0.0
3273,2,4,5,4,0.0
3274,2,4,5,5,0.0
3275,2,4,5,6,0.0
3276,2,4,5,7,0.0
3277,2,4,5,8,0.0
3278,2,4,5,9,0.0
3279,2,4,5,10,0.0
3280,2,4,5,11,0.0
3281,2,4,5,12,0.0
3282,2,4,5,13,0.0
3283,2,4,5,14,0.0
3284,2,4,5,15,0.0
3285,2,4,5,16,0.0
3286,2,4,5,17,0.0
3287,2,4,5,18,0.0
3288,2,4,5,19,0.0
3289,2,4,5,20,0.0
3290,2,4,5,21,0.0
3291,2,4,5,22,0.0
3292,2,4,5,23,0.0
3293,2,4,5,24,0.0
3294,2,4,5,25,0.0
3295,2,4,5,26,0.0
3296,2,4,5,27,0.0
3297,2,4,5,28,0.0
3298,2,4,5,29,0.0
3299,2,4,5,30,0.0
3300,2,4,6,1,0.0
3301,2,4,6,2,0.0
3302,2,4,6,3,0.0
3303,2,4,6,4,0.0
3304,2,4,6,5,0.0
3305,2,4,6,6,0.0
3306,2,4,6,7,0.0
3307,2,4,6,8,0.0
3308,2,4,6,9,0.0
3309,2,4,6,10,0.0
3310,2,4,6,11,0.0
3311,2,4,6,12,0.0
3312,2,4,6,13,0.0
3313,2,4,6,14,0.0
3314,2,4,6,15,0.0
3315,2,4,6,16,0.0
3316,2,4,6,17,0.0
3317,2,4,6,18,0.0
3318,2,4,6,19,0.0
3319,2,4,6,20,0.0
3320,2,4,6,21,0.0
3321,2,4,6,22,0.0
3322,2,4,6,23,0.0
3323,2,4,6,24,0.0
3324,2,4,6,25,0.0
3325,2,4,6,26,0.0
3326,2,4,6,27,0.0
3327,2,4,6,28,0.0
3328,2,4,6,29,0.0
3329,2,4,6,30,0.0
3330,2,4,7,1,0.0
3331,2,4,7,2,0.0
3332,2,4,7,3,0.0
3333,2,4,7,4,0.0
3334,2,4,7,5,0.0
3335,2,4,7,6,0.0
3336,2,4,7,7,0.0
3337,2,4,7,8,0.0
3338,2,4,7,9,0.0
3339,2,4,7,10,0.0
3340,2,4,7,11,0.0
3341,2,4,7,12,0.0
3342,2,4,7,13,0.0
3343,2,4,7,14,0.0
3344,2,4,7,15,0.0
3345,2,4,7,16,0.0
3346,2,4,7,17,0.0
3347,2,4,7,18,0.0
3348,2,4,7,19,0.0
3349,2,4,7,20,0.0
3350,2,4,7,21,0.0
3351,2,4,7,22,0.0
3352,2,4,7,23,0.0
3353,2,4,7,24,0.0
3354,2,4,7,25,0.0
3355,2,4,7,26,0.0
3356,2,4,7,27,0.0
3357,2,4,7,28,0.0
3358,2,4,7,29,0.0
3359,2,4,7,30,0.0
3360,2,4,8,1,0.0
3361,2,4,8,2,0.0
3362,2,4,8,3,0.0
3363,2,4,8,4,0.0
3364,2,4,8,5,0.0
3365,2,4,8,6,0.0
3366,2,4,8,7,0.0
3367,2,4,8,8,0.0
3368,2,4,8,9,0.0
3369,2,4,8,10,0.0
3370,2,4,8,11,0.0
3371,2,4,8,12,0.0
3372,2,4,8,13,0.0
3373,2,4,8,14,0.0
3374,2,4,8,15,0.0
3375,2,4,8,16,0.0
3376,2,4,8,17,0.0
3377,2,4,8,18,0.0
3378,2,4,8,19,0.0
3379,2,4,8,20,0.0
3380,2,4,8,21,0.0
3381,2,4,8,22,0.0
3382,2,4,8,23,0.0
3383,2,4,8,24,0.0
3384,2,4,8,25,0.0
3385,2,4,8,26,0.0
3386,2,4,8,27,0.0
3387,2,4,8,28,0.0
3388,2,4,8,29,0.0
3389,2,4,8,30,0.0
3390,2,4,9,1,0.0
3391,2,4,9,2,0.0
3392,2,4,9,3,0.0
3393,2,4,9,4,0.0
3394,2,4,9,5,0.0
3395,2,4,9,6,0.0
3396,2,4,9,7,0.0
3397,2,4,9,8,0.0
3398,2,4,9,9,0.0
3399,2,4,9,10,0.0
3400,2,4,9,11,0.0
3401,2,4,9,12,0.0
3402,2,4,9,13,0.0
3403,2,4,9,14,0.0
3404,2,4,9,15,0.0
3405,2,4,9,16,0.0
3406,2,4,9,17,0.0
3407,2,4,9,18,0.0
3408,2,4,9,19,0.0
3409,2,4,9,20,0.0
3410,2,4,9,21,0.0
3411,2,4,9,22,0.0
3412,2,4,9,23,0.0
3413,2,4,9,24,0.0
3414,2,4,9,25,0.0
3415,2,4,9,26,0.0
3416,2,4,9,27,0.0
3417,2,4,9,28,0.0
3418,2,4,9,29,0.0
3419,2,4,9,30,0.0
3420,2,4,10,1,0.0
3421,2,4,10,2,0.0
3422,2,4,10,3,0.0
3423,2,4,10,4,0.0
3424,2,4,10,5,0.0
3425,2,4,10,6,0.0
3426,2,4,10,7,0.0
3427,2,4,10,8,0.0
3428,2,4,10,9,0.0
3429,2,4,10,10,0.0
3430,2,4,10,11,0.0
3431,2,4,10,12,0.0
3432,2,4,10,13,0.0
3433,2,4,10,14,0.0
3434,2,4,10,15,0.0
3435,2,4,10,16,0.0
3436,2,4,10,17,0.0
3437,2,4,10,18,0.0
3438,2,4,10,19,0.0
3439,2,4,10,20,0.0
3440,2,4,10,21,0.0
3441,2,4,10,22,0.0
3442,2,4,10,23,0.0
3443,2,4,10,24,0.0
3444,2,4,10,25,0.0
3445,2,4,10,26,0.0
3446,2,4,10,27,0.0
3447,2,4,10,28,0.0
3448,2,4,10,29,0.0
3449,2,4,10,30,0.0
3450,2,4,11,1,0.0
3451,2,4,11,2,0.0
3452,2,4,11,3,0.0
3453,2,4,11,4,0.0
3454,2,4,11,5,0.0
3455,2,4,11,6,0.0
3456,2,4,11,7,0.0
3457,2,4,11,8,0.0
3458,2,4,11,9,0.0
3459,2,4,11,10,0.0
3460,2,4,11,11,0.0
3461,2,4,11,12,0.0
3462,2,4,11,13,0.0
3463,2,4,11,14,0.0
3464,2,4,11,15,0.0
3465,2,4,11,16,0.0
3466,2,4,11,17,0.0
3467,2,4,11,18,0.0
3468,2,4,11,19,0.0
3469,2,4,11,20,0.0
3470,2,4,11,21,0.0
3471,2,4,11,22,0.0
3472,2,4,11,23,0.0
3473,2,4,11,24,0.0
3474,2,4,11,25,0.0
3475,2,4,11,26,0.0
3476,2,4,11,27,0.0
3477,2,4,11,28,0.0
3478,2,4,11,29,0.0
3479,2,4,11,30,0.0
3480,2,4,12,1,0.0
3481,2,4,12,2,0.0
3482,2,4,12,3,0.0
3483,2,4,12,4,0.0
3484,2,4,12,5,0.0
3485,2,4,12,6,0.0
3486,2,4,12,7,0.0
3487,2,4,12,8,0.0
3488,2,4,12,9,0.0
3489,2,4,12,10,0.0
3490,2,4,12,11,0.0
3491,2,4,12,12,0.0
3492,2,4,12,13,0.0
3493,2,4,12,14,0.0
3494,2,4,12,15,0.0
3495,2,4,12,16,0.0
3496,2,4,12,17,0.0
3497,2,4,12,18,0.0
3498,2,4,12,19,0.0
3499,2,4,12,20,0.0
3500,2,4,12,21,0.0
3501,2,4,12,22,0.0
3502,2,4,12,23,0.0
3503,2,4,12,24,0.0
3504,2,4,12,25,0.0
3505,2,4,12,26,0.0
3506,2,4,12,27,0.0
3507,2,4,12,28,0.0
3508,2,4,12,29,0.0
3509,2,4,12,30,0.0
3510,2,4,13,1,0.0
3511,2,4,13,2,0.0
3512,2,4,13,3,0.0
3513,2,4,13,4,0.0
3514,2,4,13,5,0.0
3515,2,4,13,6,0.0
3516,2,4,13,7,0.0
3517,2,4,13,8,0.0
3518,2,4,13,9,0.0
3519,2,4,13,10,0.0
3520,2,4,13,11,0.0
3521,2,4,13,12,0.0
3522,2,4,13,13,0.0
3523,2,4,13,14,0.0
3524,2,4,13,15,0.0
3525,2,4,13,16,0.0
3526,2,4,13,17,0.0
3527,2,4,13,18,0.0
3528,2,4,13,19,0.0
3529,2,4,13,20,0.0
3530,2,4,13,21,0.0
3531,2,4,13,22,0.0
3532,2,4,13,23,0.0
3533,2,4,13,24,0.0
3534,2,4,13,25,0.0
3535,2,4,13,26,0.0
3536,2,4,13,27,0.0
3537,2,4,13,28,0.0
3538,2,4,13,29,0.0
3539,2,4,13,30,0.0
3540,2,4,14,1,0.0
3541,2,4,14,2,0.0
3542,2,4,14,3,0.0
3543,2,4,14,4,0.0
3544,2,4,14,5,0.0
3545,2,4,14,6,0.0
3546,2,4,14,7,0.0
3547,2,4,14,8,0.0
3548,2,4,14,9,0.0
3549,2,4,14,10,0.0
3550,2,4,14,11,0.0
3551,2,4,14,12,0.0
3552,2,4,14,13,0.0
3553,2,4,14,14,0.0
3554,2,4,14,15,0.0
3555,2,4,14,16,0.0
3556,2,4,14,17,0.0
3557,2,4,14,18,0.0
3558,2,4,14,19,0.0
3559,2,4,14,20,0.0
3560,2,4,14,21,0.0
3561,2,4,14,22,0.0
3562,2,4,14,23,0.0
3563,2,4,14,24,0.0
3564,2,4,14,25,0.0
3565,2,4,14,26,0.0
3566,2,4,14,27,0.0
3567,2,4,14,28,0.0
3568,2,4,14,29,0.0
3569,2,4,14,30,0.0
3570,2,4,15,1,0.0
3571,2,4,15,2,0.0
3572,2,4,15,3,0.0
3573,2,4,15,4,0.0
3574,2,4,15,5,0.0
3575,2,4,15,6,0.0
3576,2,4,15,7,0.0
3577,2,4,15,8,0.0
3578,2,4,15,9,0.0
3579,2,4,15,10,0.0
3580,2,4,15,11,0.0
3581,2,4,15,12,0.0
3582,2,4,15,13,0.0
3583,2,4,15,14,0.0
3584,2,4,15,15,0.0
3585,2,4,15,16,0.0
3586,2,4,15,17,0.0
3587,2,4,15,18,0.0
3588,2,4,15,19,0.0
3589,2,4,15,20,0.0
3590,2,4,15,21,0.0
3591,2,4,15,22,0.0
3592,2,4,15,23,0.0
3593,2,4,15,24,0.0
3594,2,4,15,25,0.0
3595,2,4,15,26,0.0
3596,2,4,15,27,0.0
3597,2,4,15,28,0.0
3598,2,4,15,29,0.0
3599,2,4,15,30,0.0
